-- MySQL dump 10.13  Distrib 5.6.24, for Win64 (x86_64)
--
-- Host: localhost    Database: emoodsic
-- ------------------------------------------------------
-- Server version	5.6.26-log

/*!40101 SET @OLD_CHARACTER_SET_CLIENT=@@CHARACTER_SET_CLIENT */;
/*!40101 SET @OLD_CHARACTER_SET_RESULTS=@@CHARACTER_SET_RESULTS */;
/*!40101 SET @OLD_COLLATION_CONNECTION=@@COLLATION_CONNECTION */;
/*!40101 SET NAMES utf8 */;
/*!40103 SET @OLD_TIME_ZONE=@@TIME_ZONE */;
/*!40103 SET TIME_ZONE='+00:00' */;
/*!40014 SET @OLD_UNIQUE_CHECKS=@@UNIQUE_CHECKS, UNIQUE_CHECKS=0 */;
/*!40014 SET @OLD_FOREIGN_KEY_CHECKS=@@FOREIGN_KEY_CHECKS, FOREIGN_KEY_CHECKS=0 */;
/*!40101 SET @OLD_SQL_MODE=@@SQL_MODE, SQL_MODE='NO_AUTO_VALUE_ON_ZERO' */;
/*!40111 SET @OLD_SQL_NOTES=@@SQL_NOTES, SQL_NOTES=0 */;

--
-- Table structure for table `authtoken`
--

DROP TABLE IF EXISTS `authtoken`;
/*!40101 SET @saved_cs_client     = @@character_set_client */;
/*!40101 SET character_set_client = utf8 */;
CREATE TABLE `authtoken` (
  `idUser` int(11) NOT NULL,
  `authTokenValue` varchar(32) NOT NULL,
  PRIMARY KEY (`idUser`),
  CONSTRAINT `fkAuthTokenIdUser` FOREIGN KEY (`idUser`) REFERENCES `user` (`idUser`) ON DELETE CASCADE ON UPDATE CASCADE
) ENGINE=InnoDB DEFAULT CHARSET=utf8;
/*!40101 SET character_set_client = @saved_cs_client */;

--
-- Dumping data for table `authtoken`
--

LOCK TABLES `authtoken` WRITE;
/*!40000 ALTER TABLE `authtoken` DISABLE KEYS */;
INSERT INTO `authtoken` VALUES (18,'CC977F47888962D4B5691241E0F351D4');
/*!40000 ALTER TABLE `authtoken` ENABLE KEYS */;
UNLOCK TABLES;

--
-- Table structure for table `bigfiveinventory`
--

DROP TABLE IF EXISTS `bigfiveinventory`;
/*!40101 SET @saved_cs_client     = @@character_set_client */;
/*!40101 SET character_set_client = utf8 */;
CREATE TABLE `bigfiveinventory` (
  `idUser` int(11) NOT NULL,
  `likertScore1` int(10) unsigned NOT NULL DEFAULT '1',
  `likertScore2` int(10) unsigned NOT NULL DEFAULT '5',
  `likertScore3` int(10) unsigned NOT NULL DEFAULT '1',
  `likertScore4` int(10) unsigned NOT NULL DEFAULT '1',
  `likertScore5` int(10) unsigned NOT NULL DEFAULT '1',
  `likertScore6` int(10) unsigned NOT NULL DEFAULT '5',
  `likertScore7` int(10) unsigned NOT NULL DEFAULT '1',
  `likertScore8` int(10) unsigned NOT NULL DEFAULT '5',
  `likertScore9` int(10) unsigned NOT NULL DEFAULT '5',
  `likertScore10` int(10) unsigned NOT NULL DEFAULT '1',
  `likertScore11` int(10) unsigned NOT NULL DEFAULT '1',
  `likertScore12` int(10) unsigned NOT NULL DEFAULT '5',
  `likertScore13` int(10) unsigned NOT NULL DEFAULT '1',
  `likertScore14` int(10) unsigned NOT NULL DEFAULT '1',
  `likertScore15` int(10) unsigned NOT NULL DEFAULT '1',
  `likertScore16` int(10) unsigned NOT NULL DEFAULT '1',
  `likertScore17` int(10) unsigned NOT NULL DEFAULT '1',
  `likertScore18` int(10) unsigned NOT NULL DEFAULT '5',
  `likertScore19` int(10) unsigned NOT NULL DEFAULT '1',
  `likertScore20` int(10) unsigned NOT NULL DEFAULT '1',
  `likertScore21` int(10) unsigned NOT NULL DEFAULT '5',
  `likertScore22` int(10) unsigned NOT NULL DEFAULT '1',
  `likertScore23` int(10) unsigned NOT NULL DEFAULT '5',
  `likertScore24` int(10) unsigned NOT NULL DEFAULT '5',
  `likertScore25` int(10) unsigned NOT NULL DEFAULT '1',
  `likertScore26` int(10) unsigned NOT NULL DEFAULT '1',
  `likertScore27` int(10) unsigned NOT NULL DEFAULT '5',
  `likertScore28` int(10) unsigned NOT NULL DEFAULT '1',
  `likertScore29` int(10) unsigned NOT NULL DEFAULT '1',
  `likertScore30` int(10) unsigned NOT NULL DEFAULT '1',
  `likertScore31` int(10) unsigned NOT NULL DEFAULT '5',
  `likertScore32` int(10) unsigned NOT NULL DEFAULT '1',
  `likertScore33` int(10) unsigned NOT NULL DEFAULT '1',
  `likertScore34` int(10) unsigned NOT NULL DEFAULT '5',
  `likertScore35` int(10) unsigned NOT NULL DEFAULT '1',
  `likertScore36` int(10) unsigned NOT NULL DEFAULT '1',
  `likertScore37` int(10) unsigned NOT NULL DEFAULT '5',
  `likertScore38` int(10) unsigned NOT NULL DEFAULT '1',
  `likertScore39` int(10) unsigned NOT NULL DEFAULT '1',
  `likertScore40` int(10) unsigned NOT NULL DEFAULT '1',
  `likertScore41` int(10) unsigned NOT NULL DEFAULT '1',
  `likertScore42` int(10) unsigned NOT NULL DEFAULT '1',
  `likertScore43` int(10) unsigned NOT NULL DEFAULT '5',
  `likertScore44` int(10) unsigned NOT NULL DEFAULT '1',
  PRIMARY KEY (`idUser`),
  CONSTRAINT `fkBigFiveTestIdUser` FOREIGN KEY (`idUser`) REFERENCES `user` (`idUser`) ON DELETE CASCADE ON UPDATE CASCADE
) ENGINE=InnoDB DEFAULT CHARSET=utf8;
/*!40101 SET character_set_client = @saved_cs_client */;

--
-- Dumping data for table `bigfiveinventory`
--

LOCK TABLES `bigfiveinventory` WRITE;
/*!40000 ALTER TABLE `bigfiveinventory` DISABLE KEYS */;
INSERT INTO `bigfiveinventory` VALUES (1,2,3,4,4,3,4,3,4,2,2,3,1,5,3,4,2,2,1,4,3,5,1,1,3,2,2,3,5,4,3,4,3,2,4,1,2,3,3,3,4,2,4,3,3),(2,3,1,4,3,4,3,4,5,4,4,3,2,4,2,3,3,4,5,2,4,3,3,1,4,4,4,3,3,4,4,4,3,4,4,2,3,2,3,2,4,1,3,4,4),(3,3,3,2,3,3,1,3,5,4,3,3,3,4,3,3,3,3,4,3,2,3,3,2,3,3,3,3,3,3,3,3,4,4,3,4,3,3,3,3,4,3,3,3,3),(4,3,1,3,1,4,3,5,5,5,4,4,1,5,5,4,4,1,3,5,4,3,5,1,5,3,4,1,4,1,4,3,5,4,5,2,5,1,1,1,5,3,5,5,3),(5,2,1,4,2,5,4,4,3,5,3,3,1,5,2,3,3,3,1,2,4,4,3,2,3,3,2,3,4,4,5,4,4,4,4,1,3,1,3,2,4,3,4,3,4),(6,5,4,5,5,4,4,4,4,3,4,4,3,5,5,4,3,3,3,5,5,3,5,4,4,5,4,3,5,5,5,4,4,5,5,3,5,5,4,5,4,3,5,4,3),(7,4,2,5,2,3,3,4,2,4,2,4,1,5,1,3,4,5,1,4,3,4,4,1,2,2,4,1,4,2,3,4,5,5,5,2,4,1,4,3,4,2,5,2,3),(8,4,2,3,1,3,3,4,4,2,5,2,2,4,3,2,3,4,3,4,4,1,3,5,4,3,2,2,3,3,4,3,4,2,4,2,3,2,2,3,3,2,4,5,3),(9,1,4,5,1,3,4,4,2,4,4,4,3,5,3,4,3,3,1,4,3,3,3,1,4,4,3,3,4,3,4,3,3,4,4,1,3,1,3,1,4,2,4,2,1),(10,3,4,4,3,4,4,4,3,4,4,4,2,4,2,4,3,3,2,3,4,3,2,1,4,3,4,4,4,3,3,3,4,4,4,1,3,2,4,2,4,4,3,2,2),(11,4,1,5,1,3,1,4,3,4,5,5,1,5,3,5,5,1,1,3,5,1,5,1,5,3,3,1,4,3,5,1,5,4,5,4,5,1,3,1,5,1,5,4,4),(12,5,4,5,4,5,3,5,2,3,4,3,1,5,3,5,3,4,4,4,5,1,3,3,1,5,3,3,5,5,5,3,5,4,4,1,4,1,2,2,4,1,4,3,5),(13,4,3,5,1,4,4,4,2,4,4,3,1,4,1,4,3,2,1,3,4,3,3,2,4,4,3,4,4,2,5,4,3,4,3,1,3,1,4,2,4,1,4,2,4),(15,5,3,5,1,5,3,5,5,3,1,4,1,5,3,4,3,5,4,3,5,1,5,1,1,3,5,3,5,1,2,1,5,5,5,1,5,1,3,1,3,1,5,1,5),(17,3,2,3,2,3,3,3,4,4,3,3,2,3,2,2,3,3,4,3,3,3,4,3,3,3,2,2,4,3,2,3,3,2,2,3,3,3,2,2,2,2,3,4,1),(18,4,4,4,2,3,2,5,3,1,4,4,2,4,4,2,4,3,2,4,3,2,4,2,2,3,3,2,3,3,4,2,4,2,2,3,5,3,4,3,2,1,3,4,4),(19,3,2,4,2,2,3,3,2,2,2,3,1,5,2,3,2,4,2,5,3,4,3,3,4,3,4,2,5,2,3,4,5,4,3,2,3,1,4,4,3,3,5,4,2),(20,1,3,4,2,4,4,4,4,4,3,3,2,5,3,4,3,2,3,4,4,5,4,2,3,4,3,3,4,2,3,1,4,4,4,2,2,2,3,3,4,2,4,4,4),(21,4,1,4,4,5,4,4,4,4,5,4,1,4,2,4,4,3,4,4,4,4,3,1,3,4,3,2,4,2,5,4,4,4,4,3,3,1,3,2,4,1,5,3,4),(22,5,5,5,3,4,4,4,3,5,4,4,5,5,2,5,4,5,1,5,4,3,5,2,4,4,5,4,5,3,4,2,4,5,5,1,3,2,4,1,5,2,5,1,4);
/*!40000 ALTER TABLE `bigfiveinventory` ENABLE KEYS */;
UNLOCK TABLES;

--
-- Table structure for table `education`
--

DROP TABLE IF EXISTS `education`;
/*!40101 SET @saved_cs_client     = @@character_set_client */;
/*!40101 SET character_set_client = utf8 */;
CREATE TABLE `education` (
  `idEducation` int(11) NOT NULL,
  `name` varchar(45) NOT NULL,
  PRIMARY KEY (`idEducation`)
) ENGINE=InnoDB DEFAULT CHARSET=utf8;
/*!40101 SET character_set_client = @saved_cs_client */;

--
-- Dumping data for table `education`
--

LOCK TABLES `education` WRITE;
/*!40000 ALTER TABLE `education` DISABLE KEYS */;
INSERT INTO `education` VALUES (1,'Primary Education'),(2,'Secondary Education'),(3,'High School'),(4,'Vocational Education'),(5,'Bachelor\'s Degree'),(6,'Master\'s Degree'),(7,'Doctoral Degree');
/*!40000 ALTER TABLE `education` ENABLE KEYS */;
UNLOCK TABLES;

--
-- Table structure for table `favartist`
--

DROP TABLE IF EXISTS `favartist`;
/*!40101 SET @saved_cs_client     = @@character_set_client */;
/*!40101 SET character_set_client = utf8 */;
CREATE TABLE `favartist` (
  `idFavArtist` int(11) NOT NULL AUTO_INCREMENT,
  `idUser` int(11) NOT NULL,
  `gid` char(36) NOT NULL,
  `name` varchar(128) NOT NULL,
  PRIMARY KEY (`idFavArtist`),
  KEY `fk_favArtist_idUser_idx` (`idUser`),
  CONSTRAINT `fk_favArtist_idUser` FOREIGN KEY (`idUser`) REFERENCES `user` (`idUser`) ON DELETE CASCADE ON UPDATE CASCADE
) ENGINE=InnoDB AUTO_INCREMENT=67 DEFAULT CHARSET=utf8;
/*!40101 SET character_set_client = @saved_cs_client */;

--
-- Dumping data for table `favartist`
--

LOCK TABLES `favartist` WRITE;
/*!40000 ALTER TABLE `favartist` DISABLE KEYS */;
INSERT INTO `favartist` VALUES (1,1,'302bd7b9-d012-4360-897a-93b00c855680','David Guetta'),(2,1,'addb00fd-733c-4223-8fdf-f78be2488acd','Alesso'),(3,1,'a03affe5-47af-48c4-9b8e-67654fa318ec','Umek'),(4,2,'43706fe2-bf24-4b1b-8d0b-28f8439b3d55','Violadores del Verso'),(5,2,'b7ffd2af-418f-4be2-bdd1-22f8b48613da','Nine Inch Nails'),(6,2,'0efe858c-89e5-4e47-906a-356fa953fd6e','Editors'),(7,3,'f59c5520-5f46-4d2c-b2c4-822eabf53419','Linkin Park'),(8,3,'dfc83cae-a14c-4410-a82c-6789cff2438d','Fyahbwoy'),(9,3,'1b98a682-db60-42de-a6c0-5519cf8c3108','Rayden'),(10,4,'477b8c0c-c5fc-4ad2-b5b2-191f0bf2a9df','Armin van Buuren'),(11,4,'3be4099e-f180-4038-af84-ae18a09eab02','Julio Iglesias'),(12,4,'2de794c8-8826-48d0-90e0-6900183ba9e0','Ska-P'),(13,5,'c44e9c22-ef82-4a77-9bcd-af6c958446d6','Mumford & Sons'),(14,5,'f82f3a3e-29c2-42ca-b589-bc5dc210fa9e','The Kooks'),(15,5,'9cdb07de-bd54-4985-9494-849ff7ad95ed','Lori Meyers'),(16,6,'a9bafe1a-f7ef-48b5-bb6d-9de5ce8a716d','Loquillo'),(17,6,'83e59f23-3b0b-4304-834d-5bcafd5df6d2','Scooter'),(18,6,'3be5dee4-5fa6-45a5-97c2-98914580bafa','Mecano'),(19,7,'9cdb07de-bd54-4985-9494-849ff7ad95ed','Lori Meyers'),(20,7,'b23e8a63-8f47-4882-b55b-df2c92ef400e','Interpol'),(21,7,'cc197bad-dc9c-440d-a5b5-d52ba2e14234','Coldplay'),(22,8,'6ffb8ea9-2370-44d8-b678-e9237bbd347b','Kings of Leon'),(23,8,'847e8284-8582-4b0e-9c26-b042a4f49e57','Placebo'),(24,8,'e0e1a584-dd0a-4bd1-88d1-c4c62895039d','Foster the People'),(25,9,'86d61837-890c-4d04-aeec-30d70ad77298','Melendi'),(26,9,'705076ef-a0c5-472f-bebd-3e72174fcaf4','Luciano Pavarotti'),(27,9,'48292311-c32c-41b6-af08-b7f61efd2f68','Christophe Maé'),(28,10,'b185451a-9edd-46df-8046-1db7e9594f5a','Vetusta Morla'),(29,10,'f59163ba-1a7a-4349-b0fd-fb9582ebe333','Extremoduro'),(30,10,'9c9f1380-2516-4fc9-a3e6-f9f61941d090','Muse'),(31,11,'302bd7b9-d012-4360-897a-93b00c855680','David Guetta'),(32,11,'ed2ac1e9-d51d-4eff-a2c2-85e81abd6360','Bob Marley'),(33,11,'f27ec8db-af05-4f36-916e-3d57f91ecf5e','Michael Jackson'),(34,12,'27e948aa-6b38-4da2-acf6-8459964a130a','Quique González'),(35,12,'541a58c4-29b3-48b1-b060-3d37b037a226','Savant'),(36,12,'b185451a-9edd-46df-8046-1db7e9594f5a','Vetusta Morla'),(37,13,'e280268a-a5ab-4bb0-be4d-ec470ca59131','Astor Piazzolla'),(38,13,'54799c0e-eb45-4eea-996d-c4d71a63c499','Ella Fitzgerald'),(39,13,'2ce02909-598b-44ef-a456-151ba0a3bd70','Ray Charles'),(43,15,'2f9ecbed-27be-40e6-abca-6de49d50299e','Aretha Franklin'),(44,15,'ad79836d-9849-44df-8789-180bbc823f3c','Antonio Vivaldi'),(45,15,'3a1e1f72-dd4d-4ed0-8dc4-400107340c1b','Nuevo Mester de Juglaría'),(49,17,'bf24ca37-25f4-4e34-9aec-460b94364cfc','Shakira'),(50,17,'39ab1aed-75e0-4140-bd47-540276886b60','Oasis'),(51,17,'847e8a0c-cc20-4213-9e16-975515c2a926','Céline Dion'),(52,18,'d15721d8-56b4-453d-b506-fc915b14cba2','The Black Keys'),(53,18,'39ab1aed-75e0-4140-bd47-540276886b60','Oasis'),(54,18,'40e1497c-f8d0-4c33-88c4-e079229790e9','Xoel López'),(55,19,'70248960-cb53-4ea4-943a-edb18f7d336f','Bruce Springsteen'),(56,19,'ca891d65-d9b0-4258-89f7-e6ba29d83767','Iron Maiden'),(57,19,'69747c42-016c-4705-9a9c-a411cd859b46','Los Suaves'),(58,20,'9cdb07de-bd54-4985-9494-849ff7ad95ed','Lori Meyers'),(59,20,'b23e8a63-8f47-4882-b55b-df2c92ef400e','Interpol'),(60,20,'f59163ba-1a7a-4349-b0fd-fb9582ebe333','Extremoduro'),(61,21,'b185451a-9edd-46df-8046-1db7e9594f5a','Vetusta Morla'),(62,21,'31ab8f5f-b5d7-41a2-80ef-13084aaf0eab','Love of Lesbian'),(63,21,'8d1e76c8-80b0-44b9-9e86-25d148323a9e','Izal'),(64,22,'302bd7b9-d012-4360-897a-93b00c855680','David Guetta'),(65,22,'477b8c0c-c5fc-4ad2-b5b2-191f0bf2a9df','Armin van Buuren'),(66,22,'149f91ef-1287-46da-9a8e-87fee02f1471','Pharrell Williams');
/*!40000 ALTER TABLE `favartist` ENABLE KEYS */;
UNLOCK TABLES;

--
-- Table structure for table `favstyle`
--

DROP TABLE IF EXISTS `favstyle`;
/*!40101 SET @saved_cs_client     = @@character_set_client */;
/*!40101 SET character_set_client = utf8 */;
CREATE TABLE `favstyle` (
  `idFavStyle` int(11) NOT NULL AUTO_INCREMENT,
  `idUser` int(11) NOT NULL,
  `idStyle` int(11) NOT NULL,
  PRIMARY KEY (`idFavStyle`),
  KEY `fk_favStyle_idUser_idx` (`idUser`),
  KEY `fk_favStyle_idSyle_idx` (`idStyle`),
  CONSTRAINT `fk_favStyle_idSyle` FOREIGN KEY (`idStyle`) REFERENCES `style` (`idStyle`) ON DELETE CASCADE ON UPDATE CASCADE,
  CONSTRAINT `fk_favStyle_idUser` FOREIGN KEY (`idUser`) REFERENCES `user` (`idUser`) ON DELETE CASCADE ON UPDATE CASCADE
) ENGINE=InnoDB AUTO_INCREMENT=67 DEFAULT CHARSET=utf8;
/*!40101 SET character_set_client = @saved_cs_client */;

--
-- Dumping data for table `favstyle`
--

LOCK TABLES `favstyle` WRITE;
/*!40000 ALTER TABLE `favstyle` DISABLE KEYS */;
INSERT INTO `favstyle` VALUES (1,1,24),(2,1,61),(3,1,93),(4,2,52),(5,2,60),(6,2,65),(7,3,65),(8,3,66),(9,3,69),(10,4,20),(11,4,88),(12,4,95),(13,5,19),(14,5,44),(15,5,66),(16,6,19),(17,6,83),(18,6,87),(19,7,44),(20,7,60),(21,7,80),(22,8,2),(23,8,44),(24,8,69),(25,9,12),(26,9,27),(27,9,46),(28,10,44),(29,10,69),(30,10,87),(31,11,4),(32,11,25),(33,11,66),(34,12,21),(35,12,23),(36,12,80),(37,13,29),(38,13,46),(39,13,80),(43,15,16),(44,15,29),(45,15,59),(49,17,59),(50,17,60),(51,17,69),(52,18,8),(53,18,59),(54,18,69),(55,19,40),(56,19,60),(57,19,69),(58,20,44),(59,20,69),(60,20,80),(61,21,44),(62,21,59),(63,21,80),(64,22,19),(65,22,30),(66,22,61);
/*!40000 ALTER TABLE `favstyle` ENABLE KEYS */;
UNLOCK TABLES;

--
-- Table structure for table `mood`
--

DROP TABLE IF EXISTS `mood`;
/*!40101 SET @saved_cs_client     = @@character_set_client */;
/*!40101 SET character_set_client = utf8 */;
CREATE TABLE `mood` (
  `idMood` int(11) NOT NULL,
  `idMoodCategory` int(11) NOT NULL,
  `name` varchar(45) NOT NULL,
  PRIMARY KEY (`idMood`),
  KEY `fk_mood_moodCategory_idx` (`idMoodCategory`),
  CONSTRAINT `fk_mood_moodCategory` FOREIGN KEY (`idMoodCategory`) REFERENCES `moodcategory` (`idMoodCategory`) ON DELETE CASCADE ON UPDATE CASCADE
) ENGINE=InnoDB DEFAULT CHARSET=utf8;
/*!40101 SET character_set_client = @saved_cs_client */;

--
-- Dumping data for table `mood`
--

LOCK TABLES `mood` WRITE;
/*!40000 ALTER TABLE `mood` DISABLE KEYS */;
INSERT INTO `mood` VALUES (1,1,'aggressive'),(2,5,'ambient'),(3,1,'angry'),(4,4,'angst-ridden'),(5,3,'bouncy'),(6,5,'calming'),(7,8,'carefree'),(8,3,'cheerful'),(9,7,'cold'),(10,4,'complex'),(11,5,'cool'),(12,9,'dark'),(13,2,'disturbing'),(14,2,'dramatic'),(15,5,'dreamy'),(16,4,'eerie'),(17,12,'elegant'),(18,2,'energetic'),(19,2,'enthusiastic'),(20,12,'epic'),(21,6,'fun'),(22,12,'funky'),(23,12,'futuristic'),(24,11,'gentle'),(25,3,'gleeful'),(26,9,'gloomy'),(27,3,'groovy'),(28,3,'happy'),(29,1,'harsh'),(30,4,'haunting'),(31,6,'humorous'),(32,10,'hypnotic'),(33,2,'industrial'),(34,1,'intense'),(35,2,'intimate'),(36,3,'joyous'),(37,8,'laid-back'),(38,3,'light'),(39,3,'lively'),(40,4,'manic'),(41,5,'meditation'),(42,9,'melancholia'),(43,5,'mellow'),(44,5,'mystical'),(45,9,'ominous'),(46,6,'party music'),(47,2,'passionate'),(48,5,'pastoral'),(49,11,'peaceful'),(50,3,'playful'),(51,9,'poignant'),(52,10,'quiet'),(53,1,'rebellious'),(54,5,'reflective'),(55,8,'relax'),(56,6,'romantic'),(57,1,'rowdy'),(58,9,'sad'),(59,6,'sentimental'),(60,2,'sexy'),(61,11,'smooth'),(62,5,'soothing'),(63,7,'sophisticated'),(64,12,'spacey'),(65,5,'spiritual'),(66,12,'strange'),(67,6,'sweet'),(68,12,'theater'),(69,12,'trippy'),(70,5,'warm'),(71,6,'whimsical');
/*!40000 ALTER TABLE `mood` ENABLE KEYS */;
UNLOCK TABLES;

--
-- Table structure for table `moodcategory`
--

DROP TABLE IF EXISTS `moodcategory`;
/*!40101 SET @saved_cs_client     = @@character_set_client */;
/*!40101 SET character_set_client = utf8 */;
CREATE TABLE `moodcategory` (
  `idMoodCategory` int(11) NOT NULL,
  `name` varchar(45) NOT NULL,
  `minValence` double NOT NULL DEFAULT '0',
  `maxValence` double NOT NULL DEFAULT '1',
  `minArousal` double NOT NULL DEFAULT '0',
  `maxArousal` double NOT NULL DEFAULT '1',
  PRIMARY KEY (`idMoodCategory`)
) ENGINE=InnoDB DEFAULT CHARSET=utf8;
/*!40101 SET character_set_client = @saved_cs_client */;

--
-- Dumping data for table `moodcategory`
--

LOCK TABLES `moodcategory` WRITE;
/*!40000 ALTER TABLE `moodcategory` DISABLE KEYS */;
INSERT INTO `moodcategory` VALUES (1,'Angry',0,0.333,0.75,1),(2,'Excited',0.333,0.666,0.75,1),(3,'Happy',0.666,1,0.75,1),(4,'Nervous',0,0.333,0.5,0.75),(5,'Calm',0.333,0.666,0.25,0.75),(6,'Pleased',0.666,1,0.5,0.75),(7,'Bored',0,0.333,0.25,0.5),(8,'Relaxed',0.666,1,0.25,0.5),(9,'Sad',0,0.333,0,0.25),(10,'Sleepy',0.333,0.666,0,0.25),(11,'Peaceful',0.666,1,0,0.25),(12,'Unknown',0,1,0,1);
/*!40000 ALTER TABLE `moodcategory` ENABLE KEYS */;
UNLOCK TABLES;

--
-- Table structure for table `musicknowledge`
--

DROP TABLE IF EXISTS `musicknowledge`;
/*!40101 SET @saved_cs_client     = @@character_set_client */;
/*!40101 SET character_set_client = utf8 */;
CREATE TABLE `musicknowledge` (
  `idMusicKnowledge` int(11) NOT NULL,
  `name` varchar(45) NOT NULL,
  PRIMARY KEY (`idMusicKnowledge`)
) ENGINE=InnoDB DEFAULT CHARSET=utf8;
/*!40101 SET character_set_client = @saved_cs_client */;

--
-- Dumping data for table `musicknowledge`
--

LOCK TABLES `musicknowledge` WRITE;
/*!40000 ALTER TABLE `musicknowledge` DISABLE KEYS */;
INSERT INTO `musicknowledge` VALUES (1,'None'),(2,'Novice'),(3,'Medium'),(4,'Expert');
/*!40000 ALTER TABLE `musicknowledge` ENABLE KEYS */;
UNLOCK TABLES;

--
-- Table structure for table `musicprefdimension`
--

DROP TABLE IF EXISTS `musicprefdimension`;
/*!40101 SET @saved_cs_client     = @@character_set_client */;
/*!40101 SET character_set_client = utf8 */;
CREATE TABLE `musicprefdimension` (
  `idMusicPrefDimension` int(11) NOT NULL,
  `name` varchar(45) NOT NULL,
  `persTraitO` double NOT NULL,
  `persTraitC` double NOT NULL,
  `persTraitE` double NOT NULL,
  `persTraitA` double NOT NULL,
  `persTraitN` double NOT NULL,
  PRIMARY KEY (`idMusicPrefDimension`)
) ENGINE=InnoDB DEFAULT CHARSET=utf8;
/*!40101 SET character_set_client = @saved_cs_client */;

--
-- Dumping data for table `musicprefdimension`
--

LOCK TABLES `musicprefdimension` WRITE;
/*!40000 ALTER TABLE `musicprefdimension` DISABLE KEYS */;
INSERT INTO `musicprefdimension` VALUES (1,'Reflective-Complex',0.425,-0.04,-0.005,0.02,-0.06),(2,'Intense-Rebellious',0.165,-0.035,0.04,-0.015,0.01),(3,'Upbeat-Conventional',-0.11,0.165,0.195,0.235,0.055),(4,'Energetic-Rhythmic',0.035,-0.015,0.205,0.085,0);
/*!40000 ALTER TABLE `musicprefdimension` ENABLE KEYS */;
UNLOCK TABLES;

--
-- Table structure for table `musicprefdimprob`
--

DROP TABLE IF EXISTS `musicprefdimprob`;
/*!40101 SET @saved_cs_client     = @@character_set_client */;
/*!40101 SET character_set_client = utf8 */;
CREATE TABLE `musicprefdimprob` (
  `idUser` int(11) NOT NULL,
  `idMusicPrefDimension` int(11) NOT NULL,
  `probRC` double NOT NULL,
  `probIR` double NOT NULL,
  `probUC` double NOT NULL,
  `probER` double NOT NULL,
  PRIMARY KEY (`idUser`),
  KEY `fk_mpdprob_idMusicPrefDim_idx` (`idMusicPrefDimension`),
  CONSTRAINT `fk_mpdprob_idMusicPrefDim` FOREIGN KEY (`idMusicPrefDimension`) REFERENCES `musicprefdimension` (`idMusicPrefDimension`) ON DELETE CASCADE ON UPDATE CASCADE,
  CONSTRAINT `fk_mpdprob_idUser` FOREIGN KEY (`idUser`) REFERENCES `user` (`idUser`) ON DELETE CASCADE ON UPDATE CASCADE
) ENGINE=InnoDB DEFAULT CHARSET=utf8;
/*!40101 SET character_set_client = @saved_cs_client */;

--
-- Dumping data for table `musicprefdimprob`
--

LOCK TABLES `musicprefdimprob` WRITE;
/*!40000 ALTER TABLE `musicprefdimprob` DISABLE KEYS */;
INSERT INTO `musicprefdimprob` VALUES (1,1,0.9950941538924691,0.0011936758742660343,0.002602081370790849,0.0011100888624739579),(2,1,0.9965415619518457,0.0010013974580201056,0.0015304070877395469,0.0009266335023945805),(3,3,0.0971351657787924,0.018490990587823695,0.8658711494708338,0.01850269416255021),(4,1,0.8559949785383442,0.005213268082581576,0.13378426555484815,0.005007487824226102),(5,1,0.9976778371077671,0.000782978043965435,0.0008174303472854498,0.0007217545009819008),(6,1,0.9396134936752096,0.003510220696796544,0.053526121648549134,0.0033501639794447395),(7,3,0.022248504742276964,0.030639934653570067,0.9160690462774956,0.03104251432665739),(8,1,0.9561600974966757,0.003241999191676129,0.03752185634301742,0.003076046968630956),(9,1,0.9849381356939398,0.002021503240645016,0.011138151713511965,0.001902209351903025),(10,1,0.8894798457662749,0.004419032755058426,0.1018538036352559,0.004247317843410611),(11,3,0.13857835667682372,0.016559439197921348,0.8283673427693701,0.0164948613558847),(12,1,0.9971042899426065,0.0008979078002643437,0.0011683109463512089,0.0008294913107778173),(13,1,0.9980244312810482,0.000699803655681027,0.0006313896754409296,0.0006443753878300127),(15,3,0.032806123645178105,0.0270805671411681,0.9127693711092704,0.027343938104383476),(17,3,0.10465556840405678,0.0182617023027991,0.8588370223847824,0.0182457069083618),(18,3,0.018542479222848872,0.03216388266474371,0.9166484075102649,0.032645230602142646),(19,3,0.07103616541558103,0.02086707689678953,0.8871663631902161,0.020930394497413324),(20,1,0.9971620744709051,0.0008861924298618826,0.00113304095863396,0.0008186921405992305),(21,1,0.997405496637027,0.0008432915163796556,0.0009733010563944857,0.0007779107901988843),(22,1,0.9764237564380361,0.0024247815680590833,0.01885883401726107,0.002292627976643708);
/*!40000 ALTER TABLE `musicprefdimprob` ENABLE KEYS */;
UNLOCK TABLES;

--
-- Table structure for table `musicprefdimstyle`
--

DROP TABLE IF EXISTS `musicprefdimstyle`;
/*!40101 SET @saved_cs_client     = @@character_set_client */;
/*!40101 SET character_set_client = utf8 */;
CREATE TABLE `musicprefdimstyle` (
  `idMusicPrefDimStyle` int(11) NOT NULL,
  `idMusicPrefDimension` int(11) NOT NULL,
  `idStyle` int(11) NOT NULL,
  PRIMARY KEY (`idMusicPrefDimStyle`),
  KEY `fk_mpds_idMusicPrefDimension_idx` (`idMusicPrefDimension`),
  KEY `fk_mpds_idStyle_idx` (`idStyle`),
  CONSTRAINT `fk_mpds_idMusicPrefDimension` FOREIGN KEY (`idMusicPrefDimension`) REFERENCES `musicprefdimension` (`idMusicPrefDimension`) ON DELETE NO ACTION ON UPDATE NO ACTION,
  CONSTRAINT `fk_mpds_idStyle` FOREIGN KEY (`idStyle`) REFERENCES `style` (`idStyle`) ON DELETE CASCADE ON UPDATE CASCADE
) ENGINE=InnoDB DEFAULT CHARSET=utf8;
/*!40101 SET character_set_client = @saved_cs_client */;

--
-- Dumping data for table `musicprefdimstyle`
--

LOCK TABLES `musicprefdimstyle` WRITE;
/*!40000 ALTER TABLE `musicprefdimstyle` DISABLE KEYS */;
INSERT INTO `musicprefdimstyle` VALUES (1,1,8),(2,1,16),(3,1,29),(4,1,46),(5,2,2),(6,2,40),(7,2,69),(8,3,17),(9,3,59),(10,3,68),(11,3,76),(12,4,19),(13,4,25),(14,4,30),(15,4,42),(16,4,65),(17,4,75),(18,1,31),(19,1,78),(20,2,77),(21,2,87),(22,3,83),(23,4,86);
/*!40000 ALTER TABLE `musicprefdimstyle` ENABLE KEYS */;
UNLOCK TABLES;

--
-- Table structure for table `neighbor`
--

DROP TABLE IF EXISTS `neighbor`;
/*!40101 SET @saved_cs_client     = @@character_set_client */;
/*!40101 SET character_set_client = utf8 */;
CREATE TABLE `neighbor` (
  `idUser` int(11) NOT NULL,
  `idNeighbors` varchar(45) NOT NULL,
  PRIMARY KEY (`idUser`),
  CONSTRAINT `fk_neighbor_idUser` FOREIGN KEY (`idUser`) REFERENCES `user` (`idUser`) ON DELETE CASCADE ON UPDATE CASCADE
) ENGINE=InnoDB DEFAULT CHARSET=utf8;
/*!40101 SET character_set_client = @saved_cs_client */;

--
-- Dumping data for table `neighbor`
--

LOCK TABLES `neighbor` WRITE;
/*!40000 ALTER TABLE `neighbor` DISABLE KEYS */;
INSERT INTO `neighbor` VALUES (1,'20,9,10'),(2,'20,21,8'),(3,'17,18,19'),(4,'21,2,8'),(5,'20,9,13'),(6,'12,20,21'),(7,'19,15,11'),(8,'2,4,20'),(9,'10,13,5'),(10,'9,13,20'),(11,'15,7,18'),(12,'6,21,2'),(13,'9,5,22'),(15,'11,7,18'),(17,'3,19,18'),(18,'3,19,17'),(19,'7,3,17'),(20,'5,2,21'),(21,'2,5,20'),(22,'13,10,9');
/*!40000 ALTER TABLE `neighbor` ENABLE KEYS */;
UNLOCK TABLES;

--
-- Table structure for table `qbmplaylist`
--

DROP TABLE IF EXISTS `qbmplaylist`;
/*!40101 SET @saved_cs_client     = @@character_set_client */;
/*!40101 SET character_set_client = utf8 */;
CREATE TABLE `qbmplaylist` (
  `idQbmPlaylist` int(11) NOT NULL AUTO_INCREMENT,
  `idUser` int(11) NOT NULL,
  `tsCreation` timestamp NOT NULL DEFAULT CURRENT_TIMESTAMP,
  `idInitialMoodCat` int(11) NOT NULL,
  `idFinalMoodCat` int(11) NOT NULL,
  `idSeedMood` int(11) NOT NULL,
  `gidSeedFavArtist` char(36) DEFAULT NULL,
  `idSeedFavStyle` int(11) DEFAULT NULL,
  `idSeedMusicPrefDimStyle` int(11) NOT NULL,
  `tasteSongsNum` int(11) NOT NULL,
  `personalitySongsNum` int(11) NOT NULL,
  `tasteWeight` double DEFAULT NULL,
  `personalityWeight` double DEFAULT NULL,
  `idSortOrder` int(11) DEFAULT NULL,
  PRIMARY KEY (`idQbmPlaylist`),
  KEY `fk_qbmpl_idUser_idx` (`idUser`),
  KEY `fk_qbmimc_initialMoodCat_idx` (`idInitialMoodCat`),
  KEY `fk_qbmfmc_finalMoodCat_idx` (`idFinalMoodCat`),
  KEY `fk_qbmsm_seedMood_idx` (`idSeedMood`),
  KEY `fk_qbmsfs_seedFavStyle_idx` (`idSeedFavStyle`),
  KEY `fk_qbmsps_seedPersStyle_idx` (`idSeedMusicPrefDimStyle`),
  CONSTRAINT `fk_qbmfmc_finalMoodCat` FOREIGN KEY (`idFinalMoodCat`) REFERENCES `moodcategory` (`idMoodCategory`) ON DELETE NO ACTION ON UPDATE NO ACTION,
  CONSTRAINT `fk_qbmimc_initialMoodCat` FOREIGN KEY (`idInitialMoodCat`) REFERENCES `moodcategory` (`idMoodCategory`) ON DELETE CASCADE ON UPDATE CASCADE,
  CONSTRAINT `fk_qbmpl_idUser` FOREIGN KEY (`idUser`) REFERENCES `user` (`idUser`) ON DELETE NO ACTION ON UPDATE NO ACTION,
  CONSTRAINT `fk_qbmsfs_seedFavStyle` FOREIGN KEY (`idSeedFavStyle`) REFERENCES `style` (`idStyle`) ON DELETE NO ACTION ON UPDATE NO ACTION,
  CONSTRAINT `fk_qbmsm_seedMood` FOREIGN KEY (`idSeedMood`) REFERENCES `mood` (`idMood`) ON DELETE NO ACTION ON UPDATE NO ACTION,
  CONSTRAINT `fk_qbmsps_seedPersStyle` FOREIGN KEY (`idSeedMusicPrefDimStyle`) REFERENCES `style` (`idStyle`) ON DELETE NO ACTION ON UPDATE NO ACTION
) ENGINE=InnoDB AUTO_INCREMENT=104 DEFAULT CHARSET=utf8;
/*!40101 SET character_set_client = @saved_cs_client */;

--
-- Dumping data for table `qbmplaylist`
--

LOCK TABLES `qbmplaylist` WRITE;
/*!40000 ALTER TABLE `qbmplaylist` DISABLE KEYS */;
INSERT INTO `qbmplaylist` VALUES (1,1,'2015-09-16 21:20:06',7,3,28,'a03affe5-47af-48c4-9b8e-67654fa318ec',NULL,46,5,5,0.5625,0.4375,1),(2,6,'2015-09-16 21:20:39',7,11,61,NULL,87,46,5,5,0.5277777777777778,0.4722222222222222,4),(3,9,'2015-09-16 21:26:09',10,6,71,'86d61837-890c-4d04-aeec-30d70ad77298',NULL,31,5,5,0.5333333333333333,0.4666666666666667,1),(4,9,'2015-09-16 21:26:26',6,2,13,NULL,27,16,5,5,0.5,0.5,2),(5,7,'2015-09-16 21:26:41',4,3,39,'cc197bad-dc9c-440d-a5b5-d52ba2e14234',NULL,59,5,5,0.5675675675675675,0.43243243243243246,1),(6,8,'2015-09-16 21:27:23',7,2,33,NULL,2,8,5,5,0.4166666666666667,0.5833333333333333,1),(7,5,'2015-09-16 21:27:49',4,6,71,'c44e9c22-ef82-4a77-9bcd-af6c958446d6',NULL,31,5,5,0.6071428571428571,0.3928571428571429,1),(9,15,'2015-09-16 21:33:05',2,2,19,'ad79836d-9849-44df-8789-180bbc823f3c',NULL,83,5,5,0.3157894736842105,0.6842105263157895,1),(10,4,'2015-09-23 05:43:18',7,6,31,'3be4099e-f180-4038-af84-ae18a09eab02',NULL,46,5,5,0.6,0.4,1),(11,8,'2015-09-16 21:33:31',4,5,43,'6ffb8ea9-2370-44d8-b678-e9237bbd347b',NULL,78,5,5,0.6785714285714286,0.3214285714285714,1),(12,1,'2015-09-16 21:33:44',9,6,59,NULL,61,78,5,5,0.5454545454545454,0.4545454545454546,1),(13,3,'2015-09-16 21:34:00',8,3,38,NULL,69,17,5,5,0.5135135135135135,0.4864864864864865,1),(14,10,'2015-09-16 21:34:11',7,2,18,'f59163ba-1a7a-4349-b0fd-fb9582ebe333',NULL,46,5,5,0.6774193548387096,0.32258064516129037,1),(15,8,'2015-09-16 21:34:32',9,2,60,NULL,44,16,5,5,0.6296296296296297,0.37037037037037035,1),(16,15,'2015-09-16 21:34:48',1,5,41,NULL,59,83,4,6,0.2413793103448276,0.7586206896551724,4),(17,13,'2015-09-16 21:35:03',7,2,60,'2ce02909-598b-44ef-a456-151ba0a3bd70',NULL,31,5,5,0.6071428571428571,0.3928571428571429,1),(18,2,'2015-09-16 21:35:10',4,2,33,NULL,65,31,5,5,0.5483870967741935,0.4516129032258065,1),(19,1,'2015-09-16 21:35:17',4,2,13,'302bd7b9-d012-4360-897a-93b00c855680',NULL,16,5,5,0.5,0.5,1),(20,3,'2015-09-16 21:35:26',7,8,37,'f59c5520-5f46-4d2c-b2c4-822eabf53419',NULL,76,5,5,0.48148148148148145,0.5185185185185186,1),(21,9,'2015-09-16 21:35:38',4,10,32,'86d61837-890c-4d04-aeec-30d70ad77298',NULL,16,5,5,0.5517241379310345,0.4482758620689655,4),(22,6,'2015-09-16 21:35:53',3,2,60,'83e59f23-3b0b-4304-834d-5bcafd5df6d2',NULL,8,5,5,0.5641025641025641,0.4358974358974359,2),(23,10,'2015-09-16 21:36:03',4,5,48,NULL,87,29,6,4,0.6,0.4,1),(24,8,'2015-09-25 22:31:46',1,8,7,'e0e1a584-dd0a-4bd1-88d1-c4c62895039d',NULL,31,6,4,0.6071428571428571,0.3928571428571429,4),(25,3,'2015-09-25 18:37:17',4,3,38,NULL,69,17,5,5,0.53125,0.46875,1),(26,13,'2015-09-29 20:26:39',5,1,53,NULL,46,16,6,4,0.5357,0.4643,2),(27,17,'2015-09-18 18:48:08',9,8,7,'39ab1aed-75e0-4140-bd47-540276886b60',NULL,76,5,5,0.41935483870967744,0.5806451612903225,1),(28,18,'2015-09-18 18:41:31',4,3,38,'d15721d8-56b4-453d-b506-fc915b14cba2',NULL,83,5,5,0.6216216216216216,0.3783783783783784,1),(29,1,'2015-10-12 12:35:08',2,6,71,NULL,93,78,5,5,0.5833333333333334,0.41666666666666663,4),(30,15,'2015-09-16 21:37:49',9,3,39,'2f9ecbed-27be-40e6-abca-6de49d50299e',NULL,76,4,6,0.375,0.625,1),(31,10,'2015-09-29 20:57:07',1,6,67,'f59163ba-1a7a-4349-b0fd-fb9582ebe333',NULL,46,6,4,0.71875,0.28125,4),(32,7,'2015-09-29 21:45:36',5,6,56,NULL,60,59,5,5,0.5625,0.4375,1),(33,6,'2015-09-16 21:38:20',10,8,7,NULL,87,46,5,5,0.5384615384615384,0.46153846153846156,1),(34,9,'2015-09-16 21:38:28',1,3,38,NULL,12,8,5,5,0.4864864864864865,0.5135135135135135,1),(35,6,'2015-09-23 05:38:26',2,4,4,'3be5dee4-5fa6-45a5-97c2-98914580bafa',NULL,29,5,5,0.5384615384615384,0.46153846153846156,3),(36,15,'2015-09-20 20:22:12',4,5,43,NULL,29,17,4,6,0.38095238095238093,0.6190476190476191,1),(37,20,'2015-09-18 18:24:38',8,2,60,NULL,44,46,5,5,0.6086956521739131,0.3913043478260869,2),(38,19,'2015-09-18 19:44:46',10,2,13,'69747c42-016c-4705-9a9c-a411cd859b46',NULL,76,5,5,0.4857142857142857,0.5142857142857142,1),(39,21,'2015-09-23 05:54:44',10,3,38,NULL,80,16,5,5,0.4838709677419355,0.5161290322580645,1),(40,20,'2015-09-25 18:40:08',7,3,38,'f59163ba-1a7a-4349-b0fd-fb9582ebe333',NULL,29,6,4,0.6842105263157895,0.3157894736842105,1),(41,2,'2015-09-28 20:36:59',10,6,59,'b7ffd2af-418f-4be2-bdd1-22f8b48613da',NULL,29,5,5,0.5925925925925926,0.40740740740740744,1),(42,9,'2015-09-20 20:17:31',3,9,12,'48292311-c32c-41b6-af08-b7f61efd2f68',NULL,29,5,5,0.3611111111111111,0.6388888888888888,3),(43,19,'2015-09-20 20:10:33',3,8,55,NULL,60,83,5,5,0.5277777777777778,0.4722222222222222,4),(44,18,'2015-09-23 05:51:52',10,2,13,NULL,69,42,6,4,0.6,0.4,2),(45,17,'2015-09-23 05:49:30',1,6,59,NULL,69,76,5,5,0.48484848484848486,0.5151515151515151,4),(46,12,'2015-09-29 20:33:16',6,3,50,'27e948aa-6b38-4da2-acf6-8459964a130a',NULL,8,5,5,0.4583333333333333,0.5416666666666667,2),(47,15,'2015-09-25 22:10:08',7,2,14,'ad79836d-9849-44df-8789-180bbc823f3c',NULL,68,4,6,0.46511627906976744,0.5348837209302326,1),(48,11,'2015-10-01 21:50:57',7,2,33,NULL,66,83,5,5,0.6956521739130435,0.30434782608695654,1),(49,19,'2015-09-25 22:25:38',7,3,38,'70248960-cb53-4ea4-943a-edb18f7d336f',NULL,68,5,5,0.6,0.4,1),(50,4,'2015-10-01 21:53:13',8,8,37,NULL,88,68,6,4,0.625,0.375,1),(51,21,'2015-09-25 22:17:46',1,8,37,'b185451a-9edd-46df-8046-1db7e9594f5a',NULL,8,5,5,0.5428571428571428,0.4571428571428572,4),(52,6,'2015-09-29 21:00:55',6,5,48,NULL,87,16,5,5,0.5135135135135135,0.4864864864864865,2),(53,20,'2015-10-09 16:53:56',4,11,49,NULL,69,46,6,4,0.6571428571428571,0.34285714285714286,4),(54,3,'2015-10-01 18:24:38',4,6,56,'1b98a682-db60-42de-a6c0-5519cf8c3108',NULL,83,5,5,0.5263157894736842,0.4736842105263158,1),(55,15,'2015-09-29 20:43:00',2,7,63,NULL,29,76,4,6,0.5151515151515151,0.48484848484848486,3),(56,21,'2015-09-28 20:44:15',11,2,13,NULL,80,29,5,5,0.5,0.5,2),(57,22,'2015-10-10 12:10:06',1,3,28,NULL,30,29,5,5,0.5625,0.4375,1),(58,21,'2015-09-30 18:59:56',6,11,49,'b185451a-9edd-46df-8046-1db7e9594f5a',NULL,29,5,5,0.4594594594594595,0.5405405405405406,3),(59,19,'2015-10-09 16:40:04',4,8,7,NULL,69,17,5,5,0.6,0.4,4),(60,8,'2015-10-06 19:07:00',11,3,50,NULL,2,16,6,4,0.7352941176470589,0.2647058823529411,1),(61,13,'2015-09-29 20:51:00',10,6,31,'2ce02909-598b-44ef-a456-151ba0a3bd70',NULL,31,6,4,0.8181818181818182,0.18181818181818177,1),(62,2,'2015-09-30 19:02:04',8,3,25,NULL,60,68,5,5,0.5416666666666666,0.45833333333333337,2),(63,12,'2015-10-08 21:00:20',10,2,47,NULL,23,31,5,5,0.6818181818181818,0.31818181818181823,2),(64,15,'2015-10-01 18:35:30',11,1,3,'3a1e1f72-dd4d-4ed0-8dc4-400107340c1b',NULL,65,4,6,0.3235294117647059,0.6764705882352942,2),(65,13,'2015-10-08 20:56:32',6,11,49,NULL,46,78,6,4,0.6097560975609756,0.3902439024390244,4),(66,7,'2015-10-04 21:14:21',7,8,37,'cc197bad-dc9c-440d-a5b5-d52ba2e14234',NULL,83,5,5,0.5588235294117647,0.4411764705882353,1),(67,21,'2015-10-01 18:29:49',7,9,12,NULL,59,46,5,5,0.5,0.5,4),(68,3,'2015-10-06 19:00:11',10,2,18,NULL,65,17,5,5,0.5882352941176471,0.4117647058823529,1),(69,4,'2015-10-04 21:15:52',8,2,47,'3be4099e-f180-4038-af84-ae18a09eab02',NULL,16,6,4,0.5263157894736842,0.4736842105263158,2),(70,11,'2015-10-05 21:55:35',4,5,54,'ed2ac1e9-d51d-4eff-a2c2-85e81abd6360',NULL,83,6,4,0.6666666666666666,0.33333333333333337,1),(71,4,'2015-10-18 17:50:54',2,2,47,NULL,88,8,6,4,0.68,0.31999999999999995,2),(72,11,'2015-10-06 21:49:58',9,2,33,NULL,66,59,6,4,0.6071428571428571,0.3928571428571429,1),(73,17,'2015-10-14 22:01:53',10,11,49,'847e8a0c-cc20-4213-9e16-975515c2a926',NULL,59,5,5,0.43333333333333335,0.5666666666666667,4),(74,18,'2015-10-18 22:05:52',1,11,49,'40e1497c-f8d0-4c33-88c4-e079229790e9',NULL,76,6,4,0.6190476190476191,0.38095238095238093,4),(75,11,'2015-10-17 08:20:55',4,11,49,'f27ec8db-af05-4f36-916e-3d57f91ecf5e',NULL,68,6,4,0.6071428571428571,0.3928571428571429,4),(76,13,'2015-10-11 17:42:44',10,7,9,'e280268a-a5ab-4bb0-be4d-ec470ca59131',NULL,78,6,4,0.5161290322580645,0.4838709677419355,2),(77,12,'2015-10-09 16:49:34',11,1,34,'541a58c4-29b3-48b1-b060-3d37b037a226',NULL,78,5,5,0.65625,0.34375,2),(78,10,'2015-10-11 15:32:57',2,8,7,NULL,87,31,6,4,0.6666666666666666,0.33333333333333337,4),(79,7,'2015-10-13 19:39:46',5,3,39,NULL,80,83,5,5,0.4444444444444444,0.5555555555555556,1),(80,5,'2015-10-13 19:43:18',4,3,25,NULL,44,29,6,4,0.5416666666666666,0.45833333333333337,1),(81,20,'2015-10-17 08:31:41',9,3,28,'f59163ba-1a7a-4349-b0fd-fb9582ebe333',NULL,31,6,4,0.7878787878787878,0.21212121212121215,1),(82,19,'2015-10-10 10:17:51',10,2,18,'ca891d65-d9b0-4258-89f7-e6ba29d83767',NULL,59,5,5,0.5641025641025641,0.4358974358974359,1),(83,12,'2015-10-15 21:20:56',1,11,24,NULL,80,78,6,4,0.8076923076923077,0.1923076923076923,4),(84,2,'2015-10-16 18:01:41',9,2,60,'43706fe2-bf24-4b1b-8d0b-28f8439b3d55',NULL,2,5,5,0.5555555555555556,0.4444444444444444,1),(85,22,'2015-10-12 12:43:07',9,6,56,'302bd7b9-d012-4360-897a-93b00c855680',NULL,31,5,5,0.6129032258064516,0.3870967741935484,1),(86,10,'2015-10-12 21:06:42',5,10,32,'9c9f1380-2516-4fc9-a3e6-f9f61941d090',NULL,78,6,4,0.5333333333333333,0.4666666666666667,4),(87,22,'2015-10-15 21:06:56',7,2,13,NULL,61,46,6,4,0.71875,0.28125,1),(88,1,'2015-10-12 21:02:25',4,5,15,'a03affe5-47af-48c4-9b8e-67654fa318ec',NULL,8,5,5,0.5588235294117647,0.4411764705882353,1),(89,5,'2015-10-14 21:43:40',8,2,47,'9cdb07de-bd54-4985-9494-849ff7ad95ed',NULL,8,5,5,0.5483870967741935,0.4516129032258065,2),(90,5,'2015-10-15 19:55:22',7,6,59,NULL,66,46,5,5,0.6,0.4,1),(91,17,'2015-10-18 10:34:01',5,4,4,NULL,59,29,5,5,0.5,0.5,3),(92,5,'2015-10-18 18:29:34',4,10,32,'9cdb07de-bd54-4985-9494-849ff7ad95ed',NULL,46,6,4,0.68,0.31999999999999995,4),(93,22,'2015-10-18 10:00:26',5,3,27,'149f91ef-1287-46da-9a8e-87fee02f1471',NULL,31,6,4,0.6666666666666666,0.33333333333333337,1),(94,12,'2015-10-15 22:25:55',9,3,38,'541a58c4-29b3-48b1-b060-3d37b037a226',NULL,16,6,4,0.6206896551724138,0.3793103448275862,1),(95,7,'2015-10-19 21:12:48',2,6,71,'cc197bad-dc9c-440d-a5b5-d52ba2e14234',NULL,83,5,5,0.43243243243243246,0.5675675675675675,4),(96,2,'2015-10-19 20:55:34',1,8,37,NULL,65,8,5,5,0.5161290322580645,0.4838709677419355,4),(97,11,'2015-10-18 20:30:14',9,3,36,NULL,4,83,6,4,0.5862068965517241,0.4137931034482759,1),(98,20,'2015-10-22 20:38:38',10,2,35,NULL,44,46,6,4,0.6428571428571429,0.3571428571428571,2),(99,22,'2015-10-18 20:38:09',4,11,24,NULL,30,78,6,4,0.6363636363636364,0.36363636363636365,4),(100,17,'2015-10-18 15:08:49',7,2,60,'847e8a0c-cc20-4213-9e16-975515c2a926',NULL,83,5,5,0.5675675675675675,0.43243243243243246,1),(101,4,'2015-10-18 18:26:01',10,3,38,'2de794c8-8826-48d0-90e0-6900183ba9e0',NULL,29,6,4,0.59375,0.40625,1),(102,18,'2015-10-23 16:44:56',10,4,30,NULL,8,83,6,4,0.60465,0.39535,2),(103,18,'2015-10-23 16:55:09',6,9,26,'40e1497c-f8d0-4c33-88c4-e079229790e9',NULL,68,6,4,0.6388888888888888,0.36111111111111116,3);
/*!40000 ALTER TABLE `qbmplaylist` ENABLE KEYS */;
UNLOCK TABLES;

--
-- Table structure for table `qbmplaylistinfo`
--

DROP TABLE IF EXISTS `qbmplaylistinfo`;
/*!40101 SET @saved_cs_client     = @@character_set_client */;
/*!40101 SET character_set_client = utf8 */;
CREATE TABLE `qbmplaylistinfo` (
  `idQbmPlaylistInfo` int(11) NOT NULL AUTO_INCREMENT,
  `idQbmPlaylist` int(11) NOT NULL,
  `idRecommendationType` int(11) DEFAULT NULL,
  `gidArtistMb` char(36) DEFAULT NULL,
  `artist` varchar(64) DEFAULT NULL,
  `gidRecordingMb` char(36) DEFAULT NULL,
  `song` varchar(96) DEFAULT NULL,
  `likertScore` int(11) DEFAULT NULL,
  `youtubeVideoId` varchar(45) DEFAULT NULL,
  `latitude` double DEFAULT NULL,
  `longitude` double DEFAULT NULL,
  `country` varchar(45) DEFAULT NULL,
  `valence` double DEFAULT NULL,
  `arousal` double DEFAULT NULL,
  `playlistDistance` double DEFAULT NULL,
  PRIMARY KEY (`idQbmPlaylistInfo`),
  KEY `fk_qbmInfo_qbmPlay_idx` (`idQbmPlaylist`),
  KEY `fk_qbmInfo_qbmRecType_idx` (`idRecommendationType`),
  CONSTRAINT `fk_qbmInfo_qbmPlay` FOREIGN KEY (`idQbmPlaylist`) REFERENCES `qbmplaylist` (`idQbmPlaylist`) ON DELETE NO ACTION ON UPDATE NO ACTION,
  CONSTRAINT `fk_qbmInfo_qbmRecType` FOREIGN KEY (`idRecommendationType`) REFERENCES `recommendationtype` (`idRecommendationType`) ON DELETE NO ACTION ON UPDATE NO ACTION
) ENGINE=InnoDB AUTO_INCREMENT=1031 DEFAULT CHARSET=utf8;
/*!40101 SET character_set_client = @saved_cs_client */;

--
-- Dumping data for table `qbmplaylistinfo`
--

LOCK TABLES `qbmplaylistinfo` WRITE;
/*!40000 ALTER TABLE `qbmplaylistinfo` DISABLE KEYS */;
INSERT INTO `qbmplaylistinfo` VALUES (1,1,1,'58559682-d7ba-44b9-876a-549b293f0189','Emmanuel Top','69289758-8971-474c-aaeb-cec79573745c','Climax V 1.1',3,'8lu6x4g4q1A',46.7107,1.71819,'France',0.104311,0.944941,0.7495866),(2,1,3,'5c12b265-5e59-44e0-b657-5cf4169f7316','Esperanza Spalding','ff2a3848-16b1-4ec0-84f7-12588f6226e4','Radio Song',4,'-5d3VDrcjOo',45.5118,-122.676,'United States',0.497349,0.523466,0.6880411999999999),(3,1,3,'7b353d3c-2bd9-40e3-a21d-b7da3f941339','Glenn Miller',NULL,'Chattanooga Choo Choo',5,'V2aj0zhXlLA',40.738247,-95.108481,'United States',0.646513,0.369889,0.6608561999999999),(4,1,1,'764eb299-d4a6-4a9d-af8b-d0dcf7b3d3ca','Legowelt','786d28be-02c0-414e-a646-6ee53988b375','The Future of Myself',3,'qd8XTDAh-NY',52.0833333,4.3,'Netherlands',0.260509,0.926388,0.6357600000000001),(5,1,3,'f51010e6-6fe2-46bf-97f0-f9f168710c95','John Pizzarelli','8df1bd83-fda3-4215-8a7b-1422ffff7b88','In A Mellow Tone',3,'ARqktykO0Ts',40.92369,-74.168065,'United States',0.689477,0.47531,0.5632324),(6,1,1,'3074084f-5ad3-480e-8beb-cef1f0f93c55','Starkillers',NULL,'Let the Love (Radio Edit)',5,'B6AQSfXSEdE',44.5048,11.3452,'Italy',0.359011,0.916517,0.562881),(7,1,3,'7b5b8b1b-414b-44e8-862f-b1f20fcef5dc','Gary Burton','b4e744e9-f0b9-4bb6-a8e3-0c06620890ed','Como En Vietnam',1,'tTUIiWmQcCE',40.141033,-85.766164,'United States',0.667799,0.65434,0.4731568),(8,1,3,'df53c932-f5bd-4fb4-98c2-d2d9f8739597','Jeff Berlin','28d84be8-6fc8-4a8f-80f5-d4978e4d175b','Bach',1,'Tnn_bhJLyXI',37.1679,-95.845,'United States',0.536072,0.867193,0.45082659999999997),(9,1,1,'a03affe5-47af-48c4-9b8e-67654fa318ec','Umek',NULL,'Move Around',4,'dwGcUdMfmC8',46.0512,14.5031,'Slovenia',0.578554,0.961928,0.35999999999999993),(10,1,1,'6537138c-427f-4843-8c5b-7e681e376542','Octave One',NULL,'Eniac',3,'QV2QfKEcXEM',42.347021,-83.060184,'United States',0.783326,0.803192,0.29142399999999996),(11,2,2,'8b1628a7-130a-4faf-96d8-2418bd9043c2','Hombres G','51c0503d-ddb3-4f59-b71a-3f5c59aa3507','Te Necesito',2,'a2k1Xy2JUW0',40.4203,-3.70577,'Spain',0.125787,0.466711,0.9906393822949904),(12,2,3,'75bd5186-9d89-4da9-95de-fce055c28895','Erroll Garner','d2956dce-423c-4d50-bee9-1fb09b5b89f0','Misty',3,'P_tAU3GM9XI',40.47441,-79.950968,'United States',0.117761,0.127654,0.8461871548805264),(13,2,2,'522f4d4a-c2c9-47be-90b4-2b89e99bf60c','Christina y Los Subterráneos','31f576e3-e535-49b6-bf06-0aa4c5450237','Alicia',3,'qjexTW-1T2g',39.8949,-2.98831,'Spain',0.308042,0.419305,0.8064249468910295),(14,2,3,'5c8cb181-38fe-4300-8153-650b2ed0258f','Coleman Hawkins','8de04caa-e65c-45d3-8b27-dcb21425fa26','Mood Indigo',3,'zJnTe1iG9NI',39.765442,-94.844432,'United States',0.238836,0.090731,0.7213819151435666),(15,2,3,'a4c73ebe-b2c7-4f13-b99d-2fe1f9f27da8','Cannonball Adderley','69c7f51f-10bf-44b1-a319-3c1fb60f538d','Autumn Leaves',3,'u37RF5xKNq8',27.996097,-82.582035,'United States',0.276206,0.152876,0.7157492599082447),(16,2,3,'7edc4fa0-32eb-4a53-88b4-1b804b39fee5','Rhian Benson','96438e00-8aa6-4808-b45c-b795829861b8','Say How I Feel',3,'yGPFDNlDyAk',5.55856,-0.20092,'Ghana',0.609737,0.393811,0.5251794720986341),(17,2,2,'38b511a2-76fa-4a1e-9b7a-e2a6efa6399b','Jarabe de Palo','e9f7d5d1-f085-4c45-b75f-f92544236ed3','La Flaca',5,'Vu5Ph9Pb-QM',41.3856,2.16874,'Spain',0.66429,0.480897,0.515331828725725),(18,2,2,'f59163ba-1a7a-4349-b0fd-fb9582ebe333','Extremoduro','b024efd6-c60a-4edb-9530-1eddaffb0288','Desarraigo',5,'7_nKHwUfl_A',40.0299,-6.08985,'Spain',0.659778,0.457763,0.5090216448932205),(19,2,2,'a49ada03-1486-4221-9864-b826b10bc155','Ely Guerra','57bb9e8e-68fe-4238-bdfd-906d2c673af6','Peligro',4,'zBURSm83DwE',25.6708,-100.31,'Mexico',0.699898,0.469292,0.47829315153282304),(20,2,3,'1ba1d493-7114-45e2-b163-a36d49a0c065','Chet Baker','950550f0-0c39-4d7e-9388-fb8434d711f2','That Old Feeling',5,'5L8YflD3eh8',36.1156,-96.6991,'United States',0.659836,0.171877,0.38111766215304166),(21,3,3,'21d177ba-3d51-461e-9b3f-ad9a80b419dc','Big Star','c43d06e1-1c31-44db-8f2e-8e188ccc224a','Thirteen',3,'pte3Jg-2Ax4',35.1497,-90.0489,'United States',0.393097,0.347685,0.703944614141791),(22,3,3,'692607f1-f4e5-4c38-9a9b-be46485abb83','Milladoiro',NULL,'Quen Poidera Namora-la',4,'cHNq9VCCOTE',39.8949,-2.98831,'Spain',0.333069,0.427722,0.6840289830232853),(23,3,1,'0584e561-1442-46c9-9593-923c34571eb7','Robyn Hitchcock','6c22d570-9961-46fb-bc67-de15ab4ba2aa','Sounds Great When You\'re Dead',4,'1AeJ1Z387Fg',51.5072648,-0.1278328,'United Kingdom',0.464415,0.394332,0.6216935753332002),(24,3,3,'8cb3aa4a-3b4c-48b8-be0a-e57010fc1430','Love and Rockets','236e2458-0fc3-4acf-b677-f5aa29b3ef26','All In My Mind',2,'pSmgsiREaic',52.2385239,-0.902493,'United Kingdom',0.348241,0.5104,0.6121657690286328),(25,3,3,'ddcfbdcf-cf8d-4776-8a69-10f39376b5a2','Lead Belly','55b35b22-e097-4273-ab20-24a087c8e555','Rock Island Line',2,'lCiJ4QQG9WQ',32.6869,-93.9584,'United States',0.736896,0.422616,0.41948144608972043),(26,3,1,'49c4378b-3c36-4c5a-8999-8d936e74f39b','The Divine Comedy','8665a840-8aac-4dbb-a09f-2594262b40f8','The Frog Princess',1,'JCIGXC0Z_jk',53.3330556,-6.2488889,'Ireland',0.4928,0.651934,0.4103386938212177),(27,3,1,'86d61837-890c-4d04-aeec-30d70ad77298','Melendi','c31da6ad-9e7b-4d6d-80fa-d81e01767d8b','Posdata',2,'-pitqeSUPX4',43.3666667,-5.8333333,'Spain',0.588676,0.571301,0.4068769178140974),(28,3,3,'254caf14-7b63-47d1-aa9f-acc7cb541814','Gruff Rhys','28a14f4f-32ee-4302-8271-972e017956df','Honey All Over',3,'d52ngGczZDU',53.18,-4.05804,'United Kingdom',0.607984,0.734721,0.271931121485617),(29,3,1,'a3c97561-1be9-47f9-a74e-5877b2b7c52c','Elf Power',NULL,'Paralyzed (Album Version)',4,'qtWI-gnSF7s',33.9581,-83.3733,'United States',0.769685,0.719513,0.175836921109928),(30,3,1,'97c86b2c-2765-46a2-aef8-76a7e24c430f','XTC',NULL,'Ten Feet Tall (2001 - Remaster)',5,'Hpo1GyyiTcU',51.572,-1.78644,'United Kingdom',0.819621,0.724377,0.1390173885162076),(31,4,2,'278e5176-b4f2-4a77-8ab3-5da847765b9e','Carlos Paredes','fd97c49d-501f-45d2-ba1a-39596b7556c7','Movimento Perpétuo',3,'9NpgcmbPLBo',40.2,-8.4166667,'Portugal',0.955763,0.63101,0.7196232050558642),(32,4,2,'81535a08-1703-4a35-be63-afdc59f82fce','Mafalda Arnauth',NULL,'Por Onde Me Levar o Vento',4,'3YeM6mipkec',38.7257,-9.15037,'Portugal',0.733861,0.549852,0.5907488877477955),(33,4,2,'01e75bf4-d967-4036-877e-c6a817e4325f','Cristina Branco','f416e660-bdd8-4ebf-baaa-a0dbcebdc9f2','Sete Pedaços De Vento',4,'qTl1EjDxgDU',39.2094,-8.63049,'Portugal',0.710431,0.570506,0.5596130801026665),(34,4,3,'20587005-7a2a-4b96-8f34-bc643bc4b60a','Matthew Herbert','bd71f0a3-6b49-463c-bea1-5f539f80871c','Kerstin Basler',5,'XUbuCyHKmQw',51.5063,-0.12714,'United Kingdom',0.698169,0.704813,0.4692432962353212),(35,4,3,'35424b33-ae1d-4a35-9005-ba3583453466','Jay Gordon',NULL,'Strings Talkin',2,'QEmEV-tJEFc',34.0535,-118.245,'United States',0.516174,0.546672,0.4184753454412244),(36,4,3,'937ed9cf-2e70-44ec-a3af-55d8a01e0813','Death Bed Confession',NULL,'Here Comes the Pain',4,'aBtxrO7IdYM',39.74,-104.992,'United States',0.689807,0.789807,0.4115724077800171),(37,4,2,'fb196c7b-9eaf-471f-b392-cfc9d4b61a9a','António Zambujo','64adc64e-83aa-4b79-9f01-f0b7145047c7','Fatalidade',4,'MuY_haUcSWs',41.88,-87.7789,'United States',0.52779,0.582374,0.4063554705501304),(38,4,2,'448579df-6b71-4c98-a8ba-5f8be40f2b90','Disturbed',NULL,'Shout 2000',5,'lo62kvjLHvY',41.850033,-87.650052,'United States',0.677535,0.951139,0.30498481008002193),(39,4,3,'e9fcfbbf-1743-4f73-8744-ada8da7394ea','Jonny Greenwood','75efceef-2f5b-4c50-b8bb-9ea2c7206201','Convergence',4,'mWqVSIxUBc0',51.75,-1.25,'United Kingdom',0.346577,0.65751,0.2162918111932068),(40,4,3,'448579df-6b71-4c98-a8ba-5f8be40f2b90','Disturbed',NULL,'Voices',5,'pKlg3jYMwRU',41.850033,-87.650052,'United States',0.55165,0.968992,0.1935503183256699),(41,5,1,'9929a375-ccf4-4b8c-9b13-0026393fcb84','Yuck','a64f8ffe-e1d7-4718-86b8-b691f1ff6416','Shook Down',4,'WURYe_7QcI8',51.5072648,-0.1278328,'United Kingdom',0.395773,0.707916,0.671060994164316),(42,5,3,'a8b07acd-2bf0-4283-81c0-f3a8749b8e7b','Live',NULL,'Selling The Drama',3,'xSHAqHA-SPc',39.9068,-76.6586,'United States',0.377816,0.902119,0.600272001346223),(43,5,3,'24fb2b34-5dc9-48e2-961b-8f71bd21cd84','Pate Mustajärvi','6bda9620-9315-4221-af23-0b361fb1c1b6','Vatanen',2,'JwGBvnlLKsg',64.9501,26.0674,'Finland',0.598543,0.680594,0.5019167625015127),(44,5,1,'cc197bad-dc9c-440d-a5b5-d52ba2e14234','Coldplay','8353cabb-9649-4964-bb36-a3fd2382bae8','Lost!',5,'Pkgeai985rA',51.5072648,-0.1278328,'United Kingdom',0.625916,0.783157,0.43156603900700996),(45,5,3,'8b477559-946e-4ef2-9fe1-446cff8fdd79','Natasha Bedingfield','42f7a9b1-38f2-4ca3-b5fd-4e45a7b9e91a','Unwritten',5,'b7k0a5hYnSI',51.5072648,-0.1278328,'United Kingdom',0.623736,0.848707,0.4042010390983675),(46,5,1,'2d4c777e-e49f-4498-8f5b-2e89c4621d15','The Lovemakers','d628d993-270a-4b5d-85a2-3783d99c0ef8','Love is Dead',4,'VmIzFCrC98I',37.8051,-122.273,'United States',0.589031,0.918213,0.4041581065931996),(47,5,3,'27cb81c2-0a39-444c-bd73-101c14393a4a','Every Avenue','0ca0becd-7173-4932-82c8-f35684137b10','Mindset',3,'kfNWgtKeVfU',42.91253,-82.48686,'United States',0.673923,0.866641,0.35129209304195846),(48,5,3,'3b81f816-bdcb-42d0-a0dd-1aa4fc4e19ec','John Farnham','b3ef6793-cae6-4670-934e-adfc1b1813f9','Thunder in Your Heart',3,'zNVZzXgMdXs',51.5423,0.14787,'United Kingdom',0.724494,0.903498,0.2895770640765598),(49,5,1,'5b86617f-e775-4675-b6d3-c4ad95d05409','Del Amitri','d6c1e65e-f496-4907-9158-212bfa31422a','Roll To Me',4,'Hg-xk762M0Y',55.8578,-4.24251,'United Kingdom',0.900414,0.778505,0.18812800157818077),(50,5,1,'01147cdc-c05d-466c-9c4c-dde487ccdaa6','[spunge]','32ad0bd2-2006-4a50-9cc1-868e175825fb','Kicking Pigeons',4,'YZstUnhT6eI',51.9938562,-2.1543427,'United Kingdom',0.9616,0.890055,0.08351490289163971),(51,6,3,'52adfa3f-a578-4b86-8aaa-3b35d25bf91d','Jack Rose','597e8f7d-6a7f-4c6d-bf8b-83a707d3205d','Cross the North Fork',3,'GeVKAPlyx2s',39.9523,-75.1624,'United States',0.083314,0.266986,0.9350024620324189),(52,6,3,'b2d122f9-eadb-4930-a196-8f221eeb0c66','Rammstein','b96f272b-3370-4a6b-ba53-1e905374a451','ENGEL',4,'x2rQzv8OWEY',52.5161,13.377,'Germany',0.2333,0.587547,0.5957168421631567),(53,6,3,'5ffb73c0-b739-4231-ba22-f8d361be1d45','菅野よう子','58162217-9457-4354-8698-9496f3267d6c','nc17',2,'MDKiRaC-qJo',38.388,140.975,'Japan',0.339064,0.5731,0.5362929321619291),(54,6,3,'79e98efd-4515-412a-af83-df381f5badd6','VAST','fc79dc51-eb1f-49d7-a0e7-9b8228c263c1','Touched',4,'Rpx_PcZjByY',47.6036,-122.329,'United States',0.148835,0.760221,0.5226858362562454),(55,6,3,'f3430779-bbec-437b-944d-1fbf45d2e786','Coal Chamber','82a8adb8-6e05-4f41-b492-8507f0de75ef','Sway',1,'2S9y_zFGnKM',34.0535,-118.245,'United States',0.339158,0.763219,0.39407107590874096),(56,6,2,'6cb79cb2-9087-44d4-828b-5c6fdff2c957','Gary Numan','c3cc00d6-8655-4bf8-9b81-8b8240525f62','The Fall',2,'PGiuajhBv7s',51.492043,-0.2236457,'United Kingdom',0.191832,0.93283,0.3650696257468823),(57,6,2,'74db50ec-df62-4a62-9f9e-9a515e8e6ee8','Deadsy','bdd0e1e1-ee63-43ab-81ef-88f0670c9f47','Mansion World',3,'bfFBj9Hrh68',34.0535,-118.245,'United States',0.454786,0.722838,0.34748941427575675),(58,6,2,'8a767793-121c-4f8f-98ae-75146d99e75a','Mortiis',NULL,'Smell The Witch',1,'lN4kc6OR7V4',59.566667,9.283333,'Norway',0.202754,0.957746,0.33918682855782145),(59,6,2,'2865730a-5757-4005-875e-84d6274cb1c0','Revolting Cocks','8bb3b332-b0d9-4626-993c-1a0b5ea84d12','Da Ya Think I\'m Sexy?',2,'VOq_D-iLQWM',38,-97,'United States',0.498727,0.772011,0.28154433855891864),(60,6,2,'44a2b61e-5264-4c4b-a765-8f520a46a02e','Machines of Loving Grace','152cc328-b9fd-410e-befd-2e45ee50432f','Rite Of Shiva',2,'-gWxMXVI3s4',32.2215,-110.97,'United States',0.449345,0.850593,0.25557476772385324),(61,7,3,'d3477b99-e815-4d8e-8c4f-1f880e8bcd71','The Binary Marketing Show',NULL,'Shut Up... Kathy',3,'AYrEHG6rzhA',40.7146,-74.0071,'United States',0.073624,0.625507,0.9289107162822802),(62,7,1,'6e67c3cc-5e38-44a3-be96-d2a6446ded5b','Longview','e4e57fca-d1b6-4189-9c88-d85defd0a798','Further',2,'KmmCVAv2YFw',51.5063,-0.12714,'United Kingdom',0.170445,0.722084,0.811557186216575),(63,7,3,'cd103368-a248-44d6-90d7-ed36afda8d7d','Cody ChesnuTT','e707327b-d759-44fb-82f5-dfe5680955e8','Serve This Royalty',2,'X98WRrsY3Pk',33.844371,-84.47405,'United States',0.232507,0.640617,0.7711068521373904),(64,7,1,'9d2db31f-8904-4c5b-a1ac-58ba91ce0601','The Leisure Society','1c5ef173-d067-410f-a1d8-af53064d100a','Outside In',4,'RGb1vrhvJh0',51.5063,-0.12714,'United Kingdom',0.376517,0.558209,0.6513835064794553),(65,7,1,'c44e9c22-ef82-4a77-9bcd-af6c958446d6','Mumford and Sons','a5aeabe6-ba4a-4ea4-a7b3-adc0309eb3a5','Winter Winds',5,'AJHmiqdxnzA',51.5072648,-0.1278328,'United Kingdom',0.44119,0.502672,0.6021111815751989),(66,7,3,'7fcbcd27-33bc-4c40-bb45-5e3927004fac','Luar na Lubre','e7c757a4-e986-4948-8530-60ad4fa83547','Via Lactea',3,'k2cIwD5Q1cw',43.3666667,-8.3833333,'Spain',0.470971,0.537574,0.5647543893933529),(67,7,3,'a449973b-074b-4cf0-a4d6-f11fa2d1073f','E-40','fb8719a6-bcdf-4cef-8357-430d85dd6fd3','Bamboo',1,'xvRUw9WWAao',38.244889,-122.135862,'United States',0.481007,0.679307,0.5206427375186198),(68,7,3,'f874ea71-ab00-478b-a09a-d63a3e6e1677','Mix Master Mike',NULL,'Hikky-Burr (Instrumental)',2,'VXJE8TNo86Y',37.7796,-122.42,'United States',0.54531,0.590073,0.4799020882962666),(69,7,1,'49c4378b-3c36-4c5a-8999-8d936e74f39b','The Divine Comedy','02219994-109e-4f2d-920b-1a4167c57d60','Generation Sex',3,'cNfTnCN9d00',53.3330556,-6.2488889,'Ireland',0.518192,0.717274,0.4753596385749612),(70,7,1,'d5a7104a-aad6-4827-8ef5-680041ae80a8','Herman Düne',NULL,'Holding a Monument',3,'Mq57PcpQcWA',48.866667,2.333333,'France',0.596404,0.600339,0.4278437566672179),(81,9,1,'ec853694-30a1-4c7e-84e6-4ca87ee3c314','Andy C',NULL,'Cool Down',1,'bAZ6iftBeJo',51.7705,0.64255,'United Kingdom',0.380388,0.750663,0.3781052541770558),(82,9,1,'7e0b1b1f-57a7-49c7-8e58-45b845c4fe00','Forguette Mi Note',NULL,'06 What Against What',1,'0DIkQmpvKU4',47.3903,0.68961,'France',0.332511,0.837115,0.3644886395133094),(83,9,3,'a6909831-bb84-4ed8-ab5e-df6cab95abb7','Antonio Orozco',NULL,'Hoy Será',3,'q6lhffqkPPU',39.8949,-2.98831,'Spain',0.366117,0.862726,0.3222370881909587),(84,9,3,'32e5def8-6668-4459-bf21-643c0bde0de8','Alaska y Dinarama','18522c9d-c577-48b0-b2bd-41703f18bbbc','Cómo Pudiste Hacerme Esto A Mí',5,'aEPDNfgLA8Q',40.4203,-3.70577,'Spain',0.363153,0.904607,0.299462744035984),(85,9,3,'ec5872e7-9d15-4624-b949-c82e700fd2e9','Los Secretos',NULL,'Te he echado de menos (Las Ventas 08)',3,'ViFNM9qSP3E',40.4203,-3.70577,'Spain',0.419882,0.842569,0.2913425312358395),(86,9,3,'125a6657-1ec2-48c8-a980-e9e42f3de06f','Natalia',NULL,'Solo Tú',1,'o50Xd2lC3-Q',50.501,4.47684,'Belgium',0.485903,0.882889,0.2143372735476053),(87,9,1,'c231a7c0-b0bc-4eab-ba45-9c1ff02927a0','Future Prophecies',NULL,'Decieved',1,'pWvtkf0nHjU',64.5565,12.6662,'Norway',0.541588,0.875592,0.17418632957181132),(88,9,3,'04cff564-a2e3-4560-8e7e-bc2539e7b46c','Reik','732cfbfd-bee8-4c63-aad1-3cb685977bc8','Calido y Rojo',1,'lWI5JeNyLhQ',32.6025,-115.39,'Mexico',0.633445,0.804669,0.14330825676464654),(89,9,1,'82bf5103-2b49-4224-a3e7-3b10fd285a44','Dewi','c7e76394-28bd-465b-b3b6-244af48b9ad8','Left of center',2,'yCeAje9E5mU',48.8569,2.3412,'France',0.66835,0.844477,0.09149422575760069),(90,9,1,'83a45847-0c18-4794-964a-500e49df7aac','Xavier Naidoo','027f045d-2045-40dc-8ba5-8e2edf417c88','Und',1,'WSYCZWwrphE',49.4883333,8.4647222,'Germany',0.636675,0.940696,0.059056729499187714),(91,10,3,'296200f0-6380-4cc8-baf4-6f7bf0dca7ab','Bjelleklang','8f40b94a-a511-4dd4-b73e-4d5c52f3c351','Apache',2,'ADb-BvaMk-Q',59.9404,10.9412,'Norway',0.557973,0.444245,0.5320987608482095),(92,10,3,'18c96f8c-c6fa-4b4b-b01a-40a9eb5e3927','Roger Cicero','9501a5e0-a973-4781-ba4f-4bf28e75b80e','Frauen regier\'n die Welt',2,'ScbJYkYYG7I',52.5161,13.377,'Germany',0.513824,0.611047,0.49699070474708085),(93,10,1,'8727d34a-2314-4ff4-b843-6c3ab7894f05','Karnak',NULL,'Vim Que Venha',2,'pvOGk-jFExo',42.5038,12.5735,'Italy',0.464152,0.713171,0.49574745095159084),(94,10,1,'3be4099e-f180-4038-af84-ae18a09eab02','Julio Iglesias','1b7807e8-fa7a-4bb0-9832-4cde06d57e9b','All Of You',4,'BayF79ylUCQ',40.4,-3.6833333,'Spain',0.546646,0.616794,0.46506367895074335),(95,10,1,'9f870653-72b0-4c6d-8c59-439a95963e09','Cheap Trick','56c6f072-c222-4183-9c36-88d556a42c18','Southern Girls',4,'eeEDGKeapTo',42.2669,-89.0783,'United States',0.61548,0.639671,0.3932657722612025),(96,10,3,'c5539100-4631-42d2-9766-3157ed0a4035','Dane Cook','353f58a4-bd5e-49c4-87a2-83dd1d91621d','Peanut Butter Smack',1,'Z3Kc5bb7_Io',42.3586,-71.0567,'United States',0.685669,0.542514,0.3739367534500989),(97,10,3,'2eb0acfb-4e58-4158-8f84-f1bdf0cc6815','Bill Bruford\'s Earthworks','2c4039d4-45a4-4742-9302-48532efd1e4e','Thud',1,'R57EwfMEFu8',54.3141,-2.23001,'United Kingdom',0.713405,0.545729,0.3476911291709929),(98,10,1,'48d46fcb-9c99-4ae4-966c-827733437990','Yves Jamait',NULL,'Y en a qui?',1,'Xmbk6pR1zZo',46.7107,1.71819,'France',0.724546,0.574895,0.32468288410971097),(99,10,1,'73c3f499-60e2-44e1-81dd-7fe2191461fa','Adrian Belew','9aaaa000-5c46-4636-a57c-ff1363dda5b7','Incompetence Indifference',1,'M6pK6Cw11Cc',39.0838,-84.5102,'United States',0.672221,0.731578,0.30141301909506174),(100,10,3,'185af318-55c7-405f-8b00-0fa308e56da9','Screamin\' Jay Hawkins',NULL,'Yellow Coat',2,'G0g3ekqhRcc',41.489381,-81.667486,'United States',0.924133,0.746189,0.06956183871204098),(101,11,3,'d945b088-0eb1-49e6-a232-dee95392ed35','Russian Red','92380b0a-e43d-4a1e-b553-489a72027db4','Cigarettes',4,'7heIA4te5JY',40.4203,-3.70577,'Spain',0.221815,0.408341,0.535921776532434),(102,11,1,'32b90c92-9978-4a07-90eb-caa4b22f4907','Black Rebel Motorcycle Club','3990d709-539b-4270-9515-b46ac7c7251e','Red Eyes And Tears',3,'kOdHND_wt0k',37.7796,-122.42,'United States',0.114473,0.715896,0.5283322922027985),(103,11,3,'863de8b5-4283-48f4-84fa-330cd073f84a','Lole y Manuel','be7f9af8-f546-475e-a6ab-d67518f5c2d3','Tu Mirá',2,'AjFqht4w-gc',39.8949,-2.98831,'Spain',0.259063,0.452054,0.48568756647935096),(104,11,1,'69b39eab-6577-46a4-a9f5-817839092033','Kasabian','070c1cb6-847f-49b1-af9a-e7d6d6bdba29','Fire',4,'agVpq_XXRmU',52.638,-1.14043,'United Kingdom',0.162478,0.737021,0.4759653679166664),(105,11,1,'6ffb8ea9-2370-44d8-b678-e9237bbd347b','Kings of Leon','6956c27e-3c15-494f-bff9-af2241f2506c','Knocked Up',5,'HC_9qUxH-_g',36.1678,-86.7784,'United States',0.213837,0.687599,0.4452508231876644),(106,11,3,'10fc4141-70fe-4d0b-896b-cef4fe9f00ba','Amancio Prada','400527ef-0ed6-4cdc-bf61-ecfca2535a70','Libre te quiero',1,'pRYmkGwCkK0',42.5274,-6.67977,'Spain',0.378814,0.291535,0.4299864904047756),(107,11,1,'6fe07aa5-fec0-4eca-a456-f29bff451b04','Weezer','1a1d8e23-df8e-477b-b518-bdd1a24118f4','Say It Ain\'t So',4,'ENXvZ9YRjbo',34.0535,-118.245,'United States',0.421189,0.41336,0.3475012938556598),(108,11,3,'bc3f048c-0cfe-4d92-b7a9-269e093e2231','Radio Tarifa','5920d389-89cc-4d50-8324-e1e8fae388fc','Sin Palabras',1,'C5P6vWj5jKo',39.8949,-2.98831,'Spain',0.503041,0.385381,0.2807030419635549),(109,11,1,'90218af4-4d58-4821-8d41-2ee295ebbe21','Kaiser Chiefs','1061d25d-6369-4f93-b219-4c5819c7892e','Never Miss A Beat',3,'r-rgIPIkCl4',53.7974185,-1.5437941,'United Kingdom',0.570177,0.576692,0.1506166896879275),(110,11,3,'44a7f7d5-79df-4f44-8f5e-02dfc0626904','Gipsy Kings','6e6d89f1-0593-4b02-ae10-029a1ac212f6','Quiero Saber',1,'9ZRBfzVGSVI',43.666667,4.633333,'France',0.66457,0.472604,0.09882448527513005),(111,12,3,'d51a9033-a21a-4975-90a2-86078287cd4b','David Gates','ae2a84f9-d3e5-44bd-a60a-31368882db91','Goodbye Girl',4,'flwfFNsr_Zs',36.154,-95.9928,'United States',0.260796,0.260654,0.8849708000000001),(112,12,3,'b2e544ae-ba44-470f-a186-6cde8bfa654d','Tomasa La Macanita',NULL,'Por El Hablar De La Gente- Soleá',1,'8sThKOlC01I',36.6909,-6.13487,'Spain',0.211485,0.429673,0.8230082),(113,12,2,'c85cfd6b-b1e9-4a50-bd55-eb725f04f7d5','Avicii','81ce58c6-9bec-4b60-ae0b-8e53741367d8','Feeling Good',4,'S565hk5T7SA',59.3322,18.0624,'Sweden',0.099547,0.580793,0.8218866),(114,12,3,'0992bca3-a7ec-4cd6-9681-b37bbb680fc0','Sammi Smith','c69f4113-fbef-463f-be27-b4c26c9b6429','Help Me Make It Through the Night',3,'bFomOCT71L4',33.7879,-117.85,'United States',0.383092,0.217467,0.8130461999999999),(115,12,3,'863de8b5-4283-48f4-84fa-330cd073f84a','Lole y Manuel','be7f9af8-f546-475e-a6ab-d67518f5c2d3','Tu Mirá',3,'AjFqht4w-gc',39.8949,-2.98831,'Spain',0.259063,0.452054,0.7715172),(116,12,2,'54980b39-7dea-4e2b-8b1f-21322a464ef5','Bluetech','bd248b3f-a486-4be3-a0a5-c162771f637d','Dersu the Trapper',2,'hnIhcwUEZfA',19.5518,-155.106,'United States',0.339599,0.496911,0.6801742000000001),(117,12,2,'477b8c0c-c5fc-4ad2-b5b2-191f0bf2a9df','Armin van Buuren','050bb2c4-2bfb-4e41-8cca-6d6fc0f662cd','Alone',5,'81YLcQn-EyY',52.5,5.75,'Netherlands',0.34758,0.719238,0.5403931999999999),(118,12,2,'302bd7b9-d012-4360-897a-93b00c855680','David Guetta',NULL,'What I did for Love (feat. Emeli Sandé)',5,'9fL5iWgWwno',48.866667,2.333333,'France',0.354038,0.720697,0.5343513999999999),(119,12,3,'0c32c3c6-ee44-4fc7-9d35-a5e54d19cb50','Uxía','4b831332-4036-4539-81a6-891becd0c43c','Tua Nai e Meiga',4,'KCgtZB1EqRU',42.5021,-2.43573,'Spain',0.781375,0.319428,0.4332432000000001),(120,12,2,'b09b5127-c62e-4bb2-b790-1e4aa18749ed','Armand Van Helden','d43d863c-94be-4a6b-adb8-849f75f8ae8a','My My My',2,'Tb6NCdAVrr4',42.370567,-71.026964,'United States',0.839656,0.704739,0.15543180000000004),(121,13,2,'b3edafa8-0a78-40b9-9404-c6fc1920d2be','The Stylistics','23f58cc1-4864-4e24-beda-a5a833dd1d69','Peek-A-Boo',3,'3dnMeuClW5Q',39.9523,-75.1624,'United States',0.685388,0.388485,0.6866143552676837),(122,13,3,'102045e3-577c-4b10-b01b-424b7e461094','Roger Miller',NULL,'England Swings',4,'2I7yAC1Pz6Y',32.775409,-97.435599,'United States',0.821465,0.461738,0.5643386536926458),(123,13,2,'28cc1f98-add6-49d5-820a-ce973ee2954b','Bay City Rollers','32e4e94f-c4bc-4b24-8251-31cd2da573a5','Bye Bye Baby',3,'yUwW108ITzw',55.9542,-3.20277,'United Kingdom',0.683519,0.669658,0.43052036678660915),(124,13,2,'148d7e7c-3557-4738-b594-8fef13fd7668','Brazzaville',NULL,'Star Called Sun',5,'De8IAEIBAtE',34.0535,-118.245,'United States',0.888103,0.634199,0.3796843843192924),(125,13,3,NULL,'Francesca Beghe',NULL,'Should\'ve Been Me',4,'m_aKpReaRxY',40.7146,-74.0071,'United States',0.721286,0.732219,0.35800603600621916),(126,13,3,'32b2e717-9e01-4f45-ac73-9542ccf18d4d','Wilson Phillips','445d23ca-9b1e-4806-8571-dda15b9b47af','Give It Up',3,'Z2g7vemjehI',34.0535,-118.245,'United States',0.911164,0.745731,0.26841720093613425),(127,13,2,'e3b6507c-bbd4-43ae-82b6-9ac4d38768ef','The 88','68ca9446-9e40-4370-adcf-0987d2b91856','Hide Another Mistake',3,'7gogC4CkWXI',34.0535,-118.245,'United States',0.812462,0.85113,0.2122877621430175),(128,13,3,'0eedfc95-e79a-4fd9-832a-cd816a0b3fda','Lady Antebellum','78a14fb7-3d69-4df4-8bf9-e06e3f8ab9c8','Bartender',4,'_rHuitW9xDc',36.165688,-86.778098,'United States',0.677139,0.935621,0.1901560132719446),(129,13,3,'14156fcd-ba0f-45be-88c0-e10fb6acf4b2','Alannah Myles','24c0f20b-f467-4c77-a78b-c32ba4e9179b','Kick Start My Heart',3,'Q5-4sMsEm0I',43.666667,-79.416667,'Canada',0.918465,0.875287,0.14709634135546287),(130,13,2,'80e8a7f9-fbfc-4f43-921f-94b1b77379ce','Nightmare',NULL,'Criminal baby',5,'19LP_j7JSUA',38.3144,140.758,'Japan',0.958074,0.977999,0.037154317405276215),(131,14,3,'fcbc2086-5863-4659-b03d-44be704697d2','John McLaughlin',NULL,'Arjen\'s Bag',1,'ndiU593LFAM',53.533333,-1.116667,'United Kingdom',0.333421,0.33187,0.7204169840832502),(132,14,1,'f59163ba-1a7a-4349-b0fd-fb9582ebe333','Extremoduro','f55f68a6-a3ec-469a-a659-05f3bb251a1e','Dulce introduccion al caos',4,'SGQblDDiUuo',40.0299,-6.08985,'Spain',0.241417,0.677092,0.52337090300527),(133,14,3,'93dda03d-c1d3-42c2-80b0-fa71bc20262b','Capleton','7bc1debd-ed1f-4c5f-819f-01efefc752da','Who Dem',2,'rJWqjO8tggE',18.2788,-76.8842,'Jamaica',0.499115,0.460585,0.5141521572326132),(134,14,1,'bbd80354-597e-4d53-94e4-92b3a7cb8f2c','Saxon',NULL,'Crusader (2009 - Remaster)',4,'lHXDatoFVwM',53.5578,-1.46295,'United Kingdom',0.343613,0.693578,0.4431862994959317),(135,14,3,'535afeda-2538-435d-9dd1-5e10be586774','Earth, Wind & Fire','f7de9ffd-255b-4277-9f06-473f33e124c2','Keep Your Head to the Sky',3,'aTh5WhWxRsI',41.850033,-87.650052,'United States',0.543813,0.523181,0.43766753509069173),(136,14,3,'76a5a114-ed6a-4eb6-8a81-ad5768d4b41c','KC and The Sunshine Band','7314ea5d-9dc6-4fd8-b5d2-5635d0586b54','All I Want',2,'kDuF3MxFNAs',25.895005,-80.332455,'United States',0.603059,0.520197,0.40055989143287263),(137,14,1,'97d0cf66-ace2-4f89-b126-00f1917316d9','El Cuarteto de Nos','0cf90892-5e57-4114-a2b1-c0413779375b','Nada Es Gratis En La Vida',5,'TElw6Uwux8Q',-34.8809,-56.1654,'Uruguay',0.55638,0.835695,0.19564415370646418),(138,14,1,'248f1ef9-5509-43b1-a4fa-751d5e65d88c','Canteca de Macao','4945ccc7-a6d0-4168-baad-c384827afa90','Musica',4,'ZPWeeTOWi_w',40.4203,-3.70577,'Spain',0.648147,0.842348,0.12973684779528383),(139,14,1,'9f870653-72b0-4c6d-8c59-439a95963e09','Cheap Trick','3e4c7160-3fb9-4e04-88fa-64ad1e21071f','Dream Police',4,'OPemyipJzAM',42.2669,-89.0783,'United States',0.599059,0.908902,0.11256587103189593),(140,14,3,'d7134426-a937-43bf-bc54-f10ad8102ed9','The Pharcyde',NULL,'PASSING ME BY (LYRICS!)/(CONTENT!)',2,'3j8_VTov9uU',33.9274,-118.277,'United States',0.667129,0.872426,0.09464244125709306),(141,15,3,NULL,'Alexander Scriabin',NULL,'Vers la Flamme, Op. 72',3,'0E2Uuc95t2k',55.7522222,37.6155556,'Russia',0.037744,0.221215,0.9964400119934976),(142,15,2,'02031e5c-f9ab-4b4e-bc08-a61ea11a455d','Benjamin Gibbard',NULL,'A Hard One to Know',4,'1EvxoXWTMTg',34.0535,-118.245,'United States',0.606893,0.149192,0.740896813972861),(143,15,2,'34b5a6fe-870b-479c-b216-6606fd095b34','13 & God','6347a0f9-7d50-436a-849f-c61c4e24f2de','Perfect Speed',5,'2RCSIp0xIW4',37.786027,-122.223779,'United States',0.036695,0.623252,0.6624035615766415),(144,15,3,'c5a0a216-c33c-42dc-92b8-4b60236f8dad','Andrea Bocelli','7417595c-8a6f-4fd4-9c1e-297fdfd5e347','Bésame Mucho',1,'gPRESlT4Ccg',43.4833333,10.7166667,'Italy',0.379688,0.506162,0.5697317999063797),(145,15,2,'ff9ef2ef-73a6-496c-8528-4b12b21afbfd','The Slits',NULL,'Vindictive',2,'wrLMm5d6lqg',51.5072648,-0.1278328,'United Kingdom',0.602149,0.526276,0.4296771002618826),(146,15,3,'c8bc9ad3-1df2-4c9b-9cf7-cf6fc60441dc','Emilie Autumn','5afd6093-296c-4b73-bb70-c0e70077e30b','Fight Like a Girl',1,'GGF7bJdn6zI',33.973951,-118.248405,'United States',0.422453,0.753878,0.33985088896041493),(147,15,3,'0f7534a6-dc5f-46ca-a2e0-13d214cdd52b','Nicole Scherzinger','e707238e-96e4-43f3-882f-78bb178b035c','Your Love',1,'9FOWI6Zftpg',33.973951,-118.248405,'United States',0.564193,0.752492,0.2624357162560167),(148,15,2,'b23e8a63-8f47-4882-b55b-df2c92ef400e','Interpol',NULL,'Evil',4,'7C5Eipt8xn0',42.1497,-74.9384,'United States',0.58909,0.756687,0.24514338598198146),(149,15,3,'9f40ec73-9db5-4531-9ac8-6f10d4885493','Bond',NULL,'Explosive',4,'HiaOFOMPOBc',54.3141,-2.23001,'United Kingdom',0.636081,0.822749,0.16411170424163413),(150,15,2,'a39acc4a-985e-4173-a9ed-f325f2d3bc1c','Steve Aoki','892cbb21-6c7f-44fd-ae28-a0da6f53ee22','Boneless',2,'gl2p4G3CUrI',33.595088,-117.829038,'United States',0.612928,0.946649,0.07382303193229794),(151,16,3,'24c6cbb9-2eb4-41bb-ad73-5e2f8df379ee','Michel pépé','3dc9a43b-e95b-435e-9a32-84eb77253e5d','Aube Nouvelle',4,'7Da2dkqARwo',48.866667,2.333333,'France',0.089745,0.345637,0.4541405181886745),(152,16,3,'c0c1dc56-8c7e-4b79-8df8-a5b1d6000396','Nawang Khechog','1bff85ae-9e46-4c32-abfc-268e3e4e4506','The Perfection of Wisdom',5,'Xtw4iNtR6YY',34.0535,-118.245,'United States',0.060935,0.281677,0.4254447378556572),(153,16,2,'ff95eb47-41c4-4f7f-a104-cdc30f02e872','Brian Eno',NULL,'Cindy Tells Me (2004 Digital Remaster)',3,'XC9Rb8G03es',52.0965079,1.3159362,'United Kingdom',0.502569,0.668849,0.4217067952613316),(154,16,3,'c4e7031f-a5f0-476a-b1f0-1f3e8c573f4b','Deuter','c104dca6-87f4-47d0-bc02-771e3c4c2697','Distant Islands',5,'Ylf37mxi_OA',53.3639,13.7646,'Germany',0.123719,0.295321,0.3939587893990797),(155,16,3,'2b47310c-8ec1-4577-8356-b9bf655ac82a','Dean Evenson','2bcca9b2-0387-49be-a776-102e05b82bef','Floating To Forever',5,'S_2_m3Q7KpE',32.217975,-110.970869,'United States',0.146341,0.264327,0.3557625211209836),(156,16,2,'054f2808-5352-43df-9a6b-3051bb687f06','Al Gromer Khan',NULL,'Agori Dance',2,'8BCzEwkiLZw',51.1642,10.4542,'Germany',0.258441,0.348925,0.3445862119032718),(157,16,3,'a6410b96-d6ad-476a-b909-1e7425e808f1','Los Burros','6f7a2cae-b714-4227-9257-771216635eae','Portugal',1,'JnhrfzTR71c',39.8949,-2.98831,'Spain',0.529418,0.532026,0.3015713323563325),(158,16,2,'5968383c-11c1-4c5b-ada0-504a38cec8e7','Nusrat Fateh Ali Khan','f60a29df-fc33-4350-8506-b1069d2c6298','Afreen Afreen',1,'Ag_PwwP4jpE',31.409,73.0835,'Pakistan',0.584264,0.557221,0.2839932923200268),(159,16,2,'4925bc38-01de-4d0d-890d-d22b0dfcf118','Rasa',NULL,'Gopinatha',1,'XmzYFTSvwNI',21.7866,82.7948,'India',0.266872,0.265115,0.27632006378505825),(160,16,3,'697f8b9f-0454-40f2-bba2-58f35668cdbe','Ravi Shankar',NULL,'Meetings Along The Edge',2,'HyBqdTgnpNQ',25.333333,83,'India',0.414437,0.34989,0.24172761162322978),(161,17,1,'fb7272ba-f130-4f0a-934d-6eeea4c18c9a','Al Green','10ca4e52-f7b4-451c-a907-c6216121726a','How Can You Mend A Broken Heart',2,'PO6Rknx5xyI',35.026272,-90.859555,'United States',0.380979,0.309136,0.7058379348099896),(162,17,3,'876b8492-0875-4b76-a375-12ec2b47d50a','Foghorn Stringband',NULL,'Mining Camp Blues',4,'roDzuen_9rM',45.507856,-122.690794,'United States',0.618781,0.348409,0.5185732344177074),(163,17,3,'79c5547a-e098-495c-8dac-7e99546aa46b','Asha Bhosle','a0ffbee6-410e-4bf2-a949-aad194dfe5e2','In Aankhon Ki Masti',1,'0dyB98kSXUQ',18.975,72.825833,'India',0.406482,0.547362,0.510773201267545),(164,17,1,'dcb03ce3-67a5-4eb3-b2d1-2a12d93a38f3','B.B. King','018f7068-1566-495b-9e53-1d33beceb53e','The Thrill Is Gone',3,'dfqHLX3hdcs',33.467852,-90.294639,'United States',0.573373,0.470208,0.45764990979079795),(165,17,1,'1ee18fb3-18a6-4c7f-8ba0-bc41cdd0462e','Stevie Wonder','05b6bdda-3219-4756-af17-d0d9cdcdb104','Sir Duke',5,'s6fPN5aQVDI',42.347021,-83.060184,'United States',0.571879,0.551245,0.3980473678705725),(166,17,4,'b09b5127-c62e-4bb2-b790-1e4aa18749ed','Armand Van Helden','f3ed8524-b18c-480d-a2b0-6f240274f25b','Necessary Evil',1,'qp306ZL6znU',42.370567,-71.026964,'United States',0.280109,0.828369,0.3845639540209198),(167,17,1,'2ce02909-598b-44ef-a456-151ba0a3bd70','Ray Charles',NULL,'I Got a Woman',5,'Mrd14PxaUco',30.441092,-83.516133,'United States',0.61678,0.531261,0.38317626360497314),(168,17,3,'7fcbcd27-33bc-4c40-bb45-5e3927004fac','Luar na Lubre','17004ccd-36a6-4ee5-9431-71194046d22a','O son das augas',3,'63v9ZxrTWng',43.3666667,-8.3833333,'Spain',0.539702,0.646287,0.3483460183936506),(169,17,1,'5464e20c-7dcb-4a3e-9b25-13bb959fadc9','The Neville Brothers','fa6d7568-6add-4ac0-9b45-bfe302ce06fb','Bird On A Wire',2,'TKDMiyRmbik',30.068812,-89.930956,'United States',0.623018,0.821153,0.16227064814560008),(170,17,4,'b63f0006-90b8-46ab-8e8f-1d882e499154','Jana',NULL,'Sta Ce Ti Pevacica',2,'JwFI-iaWB_U',46.4423,-93.3659,'United States',0.637823,0.885498,0.10432695680769215),(171,18,4,'692607f1-f4e5-4c38-9a9b-be46485abb83','Milladoiro','22f9670d-95a2-4a36-bcde-f88acb9f9dba','A Quinta Das Lágrimas',2,'1-MsrR-xAYY',39.8949,-2.98831,'Spain',0.208468,0.552612,0.634498380222323),(172,18,3,'134c8992-069e-4561-8d12-cdebbf5fbc34','The Young Gods','8ba03164-f458-4afe-9d6a-f0870e8441d6','Blooming',3,'rGFXhCvD3Ew',46.8,7.15,'Switzerland',0.369661,0.615777,0.46766718188664896),(173,18,4,'359aa76f-2480-48c7-b7ad-2c285cc1f657','Hanzel und Gretyl','41c8a8eb-4040-4d24-b9c8-03721eb29c98','Ich Bin Uber Alles',3,'KE_UjAkGjyg',40.7146,-74.0071,'United States',0.251225,0.865623,0.4123782545465144),(174,18,2,'9c27c4d7-6dd4-46f3-8859-c76cf5c7491c','The Beatnigs','5de417e6-4781-468b-9c62-85a323247e6f','Nature',3,'KQ5HjwKsU8A',37.1679,-95.845,'United States',0.24848,0.882304,0.404558454776079),(175,18,2,'433880c8-fa7f-479f-a300-799b40170919','Total Devastation',NULL,'Let It Bleed',2,'JzQGZ9qX4-g',37.7796,-122.42,'United States',0.307255,0.889471,0.3532524448439596),(176,18,3,'7866fc1d-c0b1-430c-bc4a-e4cb6d7fea16','doa',NULL,'Rich Bitch',3,'NfW2jm-qDgg',36,138,'Japan',0.417973,0.905539,0.2550629893110872),(177,18,3,'38e4df82-6079-42f8-91fa-904e0fecf78f','Project Pitchfork',NULL,'Alpha Omega',3,'wjvpbAqwWTE',53.55,10,'Germany',0.492421,0.814845,0.24997729345198458),(178,18,2,'64d86f13-abd0-40db-b5a7-73fddab9a93e','Down Low','908b681c-9155-44b5-b015-d93656bb8073','Moonlight',4,'Bqso7EYrfXM',38.8991,-77.029,'United States',0.526012,0.793275,0.23606446364469233),(179,18,2,'baec7ed1-32d7-482d-9455-33c403e61952','The Game',NULL,'Martians Vs Goblins',3,'gODGcVSzh1U',33.8953,-118.224,'United States',0.642917,0.810054,0.13250031853004818),(180,18,2,'4a4ee089-93b1-4470-af9a-6ff575d32704','The Prodigy','87125a97-75cc-4e32-9c59-f38290db5757','The Day Is My Enemy',5,'h1AaKBbNGkk',51.8790108,0.5501584,'United Kingdom',0.544905,0.960503,0.12055446496080756),(181,19,1,'20587005-7a2a-4b96-8f34-bc643bc4b60a','Matthew Herbert','fedf1565-1c4a-44ff-bae4-8746674eae42','The Final Meal Of Stacey Lawton',3,'GsE2X7CxIXY',51.5063,-0.12714,'United Kingdom',0.100787,0.680989,0.6435366188531748),(182,19,4,'aea9b5e5-baa1-4abd-8481-a5b85a735b4a','Ben Monder','85dfac42-40e1-4c86-b20e-8cf0776309d5','Rooms Of Light',2,'-T71djTeSMQ',40.7146,-74.0071,'United States',0.168012,0.710028,0.5723414421470192),(183,19,1,'bd736db4-fe6a-442f-b025-e1291b72fc0b','The Grey Wolves','30cb2961-55a7-4d3f-a5bb-5311911940b2','Blood Lover Blood Hater',1,'sh_N1ceg-Wg',52.8836,-1.97406,'United Kingdom',0.036274,0.889523,0.5699279073629747),(184,19,1,'302bd7b9-d012-4360-897a-93b00c855680','David Guetta',NULL,'Yesterday (feat.Bebe Rexha)',4,'lJGf4-OJxCg',48.866667,2.333333,'France',0.289708,0.782462,0.4315314968136989),(185,19,4,'448579df-6b71-4c98-a8ba-5f8be40f2b90','Disturbed',NULL,'Stricken',4,'3moLkjvhEu0',41.850033,-87.650052,'United States',0.286814,0.969225,0.3217163125545833),(186,19,4,'d6f199b7-d5a8-4af2-aca5-bc1c2669183c','Pterodactyl','dd8fe8f0-8c78-4f93-8c6c-d1ccfb00bb6c','Hold Still',1,'HeleTJb0Syc',40.6551,-73.9489,'United States',0.429462,0.833677,0.2890199090253621),(187,19,4,'35424b33-ae1d-4a35-9005-ba3583453466','Jay Gordon',NULL,'Delta Row',2,'o1zVWccpvzI',34.0535,-118.245,'United States',0.517378,0.736702,0.27693470869025427),(188,19,1,'0f96c38b-8e21-4571-afe0-cb11196a8acd','gossip',NULL,'Move in the Right Direction',4,'12zPU-8bsTE',47.0392,-122.891,'United States',0.466258,0.835732,0.25835992697113913),(189,19,1,'0638ba22-040f-438d-83a5-9b670c4adaf5','Ludacris',NULL,'Good Lovin',2,'ta_cOQzi4G4',33.844371,-84.47405,'United States',0.583035,0.749469,0.2167629312889449),(190,19,4,'418b1779-e2ea-49f4-9b4c-f356f80fea8d','Message to Venus',NULL,'Universal You',5,'oMoWsoDRSHo',18.2233,-66.4289,'Puerto Rico',0.633495,0.924705,0.07120055614837849),(191,20,1,'67fb65b5-6589-47f0-9371-8a40eb268dfb','Tommy Guerrero',NULL,'Black Dust',3,'mx8vly7i_EA',37.784827,-122.727802,'United States',0.075145,0.257116,0.9561491647232356),(192,20,3,'da02dddc-60fa-4ca4-88bb-8012598f1f86','Two Steps From Hell',NULL,'Nero',3,'kmrmHEzUQRs',33.973951,-118.248405,'United States',0.071813,0.298775,0.9492778879303313),(193,20,1,'aeb7af5b-fef8-479d-b5b4-f9b3c4fb95d4','Masters of Reality','10feda75-65d7-41c7-878d-163a7814f8ff','Worm In The Silk',2,'rJ_1vcjlh7M',43.05,-76.1474,'United States',0.144443,0.483991,0.8338949598180464),(194,20,3,'3e54ba8b-f4cc-4192-9813-890d570e2b7a','Al Jarreau','8ed61001-5d90-40d6-b80c-d6bc04c46929','After All',3,'vg14HPuXLOU',43.0418,-87.9068,'United States',0.226382,0.373236,0.7812644866495372),(195,20,1,'eec43ebc-815a-4105-b1cb-205b8f57b4fa','The Beautiful South','315d2858-3d88-40aa-9d29-52849ea8ca54','One Last Love Song',1,'o-jgp0YFY_Y',53.716667,-0.333333,'United Kingdom',0.473114,0.388523,0.5381916452037487),(196,20,1,'f59c5520-5f46-4d2c-b2c4-822eabf53419','Linkin Park','f3841b36-4401-40db-8b4a-e128531c9a39','BURN IT DOWN (Acapella)',3,'YVOCGGohdBQ',34.1458,-118.778,'United States',0.596874,0.484847,0.3947648078397626),(197,20,1,'dbf7c761-e332-467b-b4d9-aafe06bbcf8f','G. Love & Special Sauce','c1cdae16-e754-4cb1-aaa9-fee6dd0c1349','Eyes Have Miles',4,'xJWbDDoFoko',39.9523,-75.1624,'United States',0.685322,0.491775,0.3072773571766566),(198,20,3,'fa7ed4fb-fa39-4820-8ae1-5fe98bc2ef8d','Matt Costa','11329125-a804-4dac-b1ab-03d7daf19c74','Mr. Pitiful',2,'2fckfszdLrs',33.6602778,-117.9983333,'United States',0.763407,0.477231,0.23505121818333685),(199,20,3,'9960700d-2017-40bd-b2d4-1d365d668c81','Brett Dennen','b91c0a49-58d0-4687-9385-cda3706248f4','Wild Child',2,'bTh4NaIJgrE',37.839643,-120.698578,'United States',0.84366,0.344252,0.18944651700088003),(200,20,3,'cc30e630-8c75-4d78-b205-8e2edc6bdaa7','Coolio','f840383a-6d9b-4171-873d-8d48f25788e2','Kinda High, Kinda Drunk',4,'nGk6lE5lRLc',33.8953,-118.224,'United States',0.855269,0.428035,0.15786377044427377),(201,21,1,'401ad861-47fb-4845-9995-80c7384e0f89','Esplendor Geométrico','a1738c56-8457-49cc-afef-f2f6059c55b3','Estación Katowice',3,'I0m4CbP9LJc',40.4203,-3.70577,'Spain',0.035042,0.659874,0.9123650566302939),(202,21,1,'e49f69da-17d5-4c5c-bac0-dadcb0e588f5','Mark Knopfler','60a258b1-3794-4e42-8131-9ebd29066411','Sailing To Philadelphia',5,'OTvc-bEP35I',55.8578,-4.24251,'United Kingdom',0.171947,0.468639,0.6784672501437263),(203,21,3,'49da0418-27b7-4d98-aac3-ca5d08fbe411','Sieben',NULL,'Love\'s Promise',2,'9FSJMUq_-zA',53.3856729,-1.4528791,'United Kingdom',0.520987,0.73032,0.6423764780464971),(204,21,1,'98261682-3a40-47d8-8b2e-12866ace3120','Govi','86381736-af78-4965-86e0-15d6c9a7d98a','Andalusian Nights',2,'5qXel1Ko3ds',51.1642,10.4542,'Germany',0.504968,0.699476,0.629949703522403),(205,21,3,'a3031680-c359-458f-a641-70ccbaec6a74','Steve Reich','342cc8fb-9405-4060-be06-f89126415d0f','Music for 18 Musicians: Pulses',1,'3ou9J844io0',40.7146,-74.0071,'United States',0.339971,0.463606,0.5631372083869695),(206,21,1,'95c71626-759b-411c-bec5-3fb638cd9c70','Taken by Trees',NULL,'Sweet Child O\' Mine',5,'6dqVDQ-lF4Q',62.1984,17.5514,'Sweden',0.419218,0.517223,0.55060933353259),(207,21,1,'86d61837-890c-4d04-aeec-30d70ad77298','Melendi','6cffb494-33e7-4068-96e9-00f327fabb43','Por Amarte Tanto',1,'PLIgfunvlRI',43.3666667,-5.8333333,'Spain',0.523873,0.586291,0.5327640574655663),(208,21,3,'793b8f58-80ab-49b3-b5ae-d94034dab10c','Kishore Kumar','d3f4da98-3c5b-428e-9871-ca5db003ac8d','Pal Pal Dil Ke Paas',1,'AMuRRXCuy-4',21.833333,76.333333,'India',0.500605,0.472688,0.4632684106499074),(209,21,4,'6a5e6105-b1c4-4c5c-97ae-5ee4b7f746b4','Terje Rypdal','f1062f34-6ba5-4951-a5f8-60baa4aec1fe','Mystery Man',4,'24PNhedAFlQ',59.9123,10.75,'Norway',0.037608,0.045748,0.4514551292725738),(210,21,3,'e4777ad0-2531-48b7-8c90-4099a7333c58','René Aubry','822cdc15-fd44-4a0a-bd7d-6b100c8104f3','La grande cascade',5,'jqh1wmU_bqk',48.8569,2.3412,'France',0.626912,0.401007,0.32580281617484813),(211,22,3,'f5426431-f490-4678-ad44-a75c71097bb4','Stevie Ray Vaughan','3c17be2e-f59d-4952-8c6b-adce0ab8abc7','The House Is Rockin\'',5,'-G84P5K-W1c',32.781179,-96.790329,'United States',0.940708,0.942499,0.5892308872735454),(212,22,3,'b0122194-c49a-46a1-ade7-84d1d76bd8e9','John Lee Hooker','f7245be5-e3ad-49c1-973a-7517a4e1d656','Dimples',4,'OC_IZlOJv94',34.3654,-90.5231,'United States',0.882682,0.817353,0.5788185433742694),(213,22,3,'81b96954-da0d-4d8f-a7fa-cbc77ae88a34','Mo\' Horizons','31bd6a25-7772-4df5-ad3e-14fcc2c302f2','Prince Charles\' Latest Affair',2,'jkwErzLv4gs',53.1833333,8.5166667,'Germany',0.882075,0.83213,0.5730638789615643),(214,22,3,'d385947d-c00d-4311-9cf1-a032a1d4040b','Dinah Washington','e3345d5a-7573-4834-8e9b-27978f2bff37','Baby You\'ve Got What It Takes',3,'VPFP_I1p1w8',41.850033,-87.650052,'United States',0.861105,0.784539,0.5701308401603974),(215,22,1,'00a5ab6d-2b3d-4ce7-b17e-34660ad29aec','Kate Ryan',NULL,'Libertine',5,'FMIsGPRK1vs',51.0673,5.08758,'Belgium',0.872936,0.997524,0.5064579755613698),(216,22,1,'6bfb7f3e-b5cc-46da-8b59-7dc22c10ca6b','Alex C.',NULL,'Du hast den schönsten Arsch der Welt (Single Version)',4,'a1RRayJKSVg',53.5533,9.99245,'Germany',0.812144,0.852243,0.5005223582489133),(217,22,3,'4336a134-d091-4e54-9967-c7c433db6d4e','Buddy Guy','7034c364-703d-4438-811f-424ebff8fdb3','What\'s Up With That Woman',3,'WaFMC8ODHf0',30.9351,-91.7157,'United States',0.72102,0.899688,0.3985432900863624),(218,22,1,'47117e08-c495-45cd-a5c3-1a75f0995e2e','Rollergirl','6ae582da-3f3d-4928-9832-2c7145261af1','Luv U More',5,'BmrBi1065wk',51.1642,10.4542,'Germany',0.69589,0.876381,0.38319193649883454),(219,22,1,'f8ce4811-bc08-4a32-81e0-a2345cdeacae','E-Rotic','71e0fb47-66b2-4735-8fe2-e15b12224b51','Lemmings On The Run',4,'EZiZ5OI7j0E',51.1642,10.4542,'Germany',0.608121,0.997373,0.2585416860194197),(220,22,1,'101c5a22-3028-48c6-859c-ad3e21361838','Scooter',NULL,'Army of Hardcore',4,'ObLg_IDzHEY',53.55,10,'Germany',0.587863,0.951465,0.25568467284634655),(221,23,3,'9f9953f0-68bb-4ce3-aace-2f44c87f0aa3','Bibio','aa68780d-d412-45b4-b41c-85c2be0ab11c','abrasion',4,'6DGyVw-utL4',52.5847651,-2.127567,'United Kingdom',0.112518,0.4401,0.6270859991684046),(222,23,3,'88179463-d38b-478b-ae84-ab53dd3eda96','Heron',NULL,'Harlequin 2',3,'BVrODOS1Ktg',51.963,7.61781,'Germany',0.26281,0.370721,0.510762554545979),(223,23,3,'4e210d41-b3e3-4e34-8c3b-3b8cc2116562','Man Man','e9497118-bead-4458-9376-0b633c5a1a79','Rabbit Habits',4,'X9cJukV2_zc',39.9523,-75.1624,'United States',0.32647,0.285232,0.48120672735595726),(224,23,2,'cc60d937-e80b-4c66-8aa2-e89cb57c8b08','Fairport Convention','dc8ec2bc-1c06-4328-ae17-5c95438bfc77','Autopsy',4,'pAn9aD6U9mY',54,-2,'United Kingdom',0.33303,0.288878,0.47378384687315717),(225,23,2,'5d34ed3d-f02f-4552-a9d4-1481f155916c','Josele Santiago','8cd4b6ff-1204-455d-8817-59d2d9900be3','Con Las Manos Vacías',2,'NeFFffnEXug',40.4082,-3.72818,'Spain',0.295488,0.460207,0.4487207653066616),(226,23,2,'af84ee9f-534a-4f7f-844b-188ba1c47e87','Los Rodríguez','7198c72d-5fba-46a9-8967-8fccbe8e9002','Extraño',4,'e4sGk8F_fzY',40.4,-3.6833333,'Spain',0.347328,0.3813,0.42791786041352553),(227,23,4,'9f9953f0-68bb-4ce3-aace-2f44c87f0aa3','Bibio','8eb56d35-7c0f-4cb7-b76b-d0ea91f1a241','ambivalence avenue',3,'skh7HunJ-iA',52.5847651,-2.127567,'United Kingdom',0.338054,0.741021,0.3101830049269947),(228,23,2,'4c7e8420-1ed6-4878-8b86-70bdd3ee5803','Rosendo',NULL,'Deja Que Les Diga Que No',4,'Yi-UZ9DzOlo',34.0535,-118.245,'United States',0.528748,0.747244,0.1294657326334231),(229,23,2,'3ce36fe1-d1be-4e02-88dd-9f0b68be0523','Dr. Sapo','cb11b9e1-07db-4fbd-93cc-772858c8136a','Por ser el primero',4,'sgYuBvGKsrE',37.3385,-121.886,'United States',0.544578,0.712423,0.12688266873869442),(230,23,2,'047c3516-b60d-4a49-9d99-99ded321e039','Mountaineers','77b885c6-7f31-4254-a8de-52cc10ba9886','Apart From This',3,'31Oc3JxZbQQ',-32.9281,151.772,'Australia',0.656126,0.542285,0.08224177258194555),(231,24,3,'7866fc1d-c0b1-430c-bc4a-e4cb6d7fea16','doa',NULL,'Rich Bitch',2,'NfW2jm-qDgg',36,138,'Japan',0.417973,0.905539,0.8589450000000001),(232,24,1,'55e21cfa-4bee-4795-940d-b1ff692fb17c','Girls','0ea5017a-460b-4853-86a3-c418344f6906','My Ma',5,'DJyc4kTCkgY',37.784827,-122.727802,'United States',0.20274,0.502795,0.789485),(233,24,1,'e0e1a584-dd0a-4bd1-88d1-c4c62895039d','Foster the People','feb553ff-3845-4d20-bbe5-c782c9086f62','Broken Jaw',5,'VixDaHB3AxE',34.0535,-118.245,'United States',0.536448,0.886838,0.7529444),(234,24,3,'7fcbcd27-33bc-4c40-bb45-5e3927004fac','Luar na Lubre','9c488b86-0698-403d-a6e3-401814deacfe','ARA SOLIS',3,'bN4d2PlR9uM',43.3666667,-8.3833333,'Spain',0.246999,0.367658,0.6729956),(235,24,3,'047c3516-b60d-4a49-9d99-99ded321e039','Mountaineers','c9952e8e-878c-415c-857a-2cb0c44af5c5','All My Life',4,'jvHuAeLO8c8',-32.9281,151.772,'Australia',0.434085,0.613261,0.6706885999999999),(236,24,3,'5960fc4b-caa3-4fe5-8d17-6a3dfb0cd06b','Fuxan os ventos','b96f190d-b690-418e-aecb-b0e36e7e58f2','Sementeira',2,'EFpCNJmUX5w',39.8949,-2.98831,'Spain',0.672005,0.68437,0.5230180000000001),(237,24,1,'93aaa233-6b5f-41bf-bfe8-70cf1552c218','Babybird','da9ed370-b023-4d4d-b849-59d4ee1d6400','Candy Girl',2,'l4fGt9USIfo',53.3856729,-1.4528791,'United Kingdom',0.888225,0.883735,0.46966099999999994),(238,24,1,'47c8a452-4efb-45b4-a0d3-df506dbe42b2','Wang Chung','95baedbd-afa2-46b4-a485-959b1d01c1c4','Fire In The Twilight',2,'BL_mmZv3UT4',51.5063,-0.12714,'United Kingdom',0.843647,0.801841,0.45618699999999995),(239,24,1,'3aaceb91-c95d-4c5e-9539-086c5cef2b8d','Harpers Bizarre','1b06a153-1995-4ab9-97aa-a914406d771a','Anything Goes',3,'6Mjbd9UFojw',36.974,-122.031,'United States',0.625476,0.477611,0.43618580000000007),(240,24,1,'78d9e0fc-376a-4246-b5ba-d077c553820e','Fancey','bfc63c79-8cc5-4e20-88c5-7a6b3d7f5e03','Blue Star',0,'i3vq0mq2qds',49.2604,-123.114,'Canada',0.823739,0.582751,0.3406594),(241,25,3,'4079f4b8-6746-4418-9e18-33af0e3ee142','Stacy Clark',NULL,'All Time Low',3,'8z4EOQdlPW0',42.8854,-78.8785,'United States',0.186698,0.637347,0.8896227753434598),(242,25,2,'80e8a7f9-fbfc-4f43-921f-94b1b77379ce','Nightmare',NULL,'The Burden of God',4,'ZyaWly3G95A',38.3144,140.758,'Japan',0.415106,0.795837,0.6144495667507627),(243,25,2,'c4b23420-7bf4-4212-880d-3ce52631c5d9','Lullaby for the Working Class','a2f1742f-0e1e-4023-b44c-712cbfb71096','Boar\'s Nest',2,'Kd4F-f6_amI',37.1679,-95.845,'United States',0.571973,0.658744,0.5354533100280546),(244,25,2,'1d46cb3a-8071-45ba-855e-74e3cff20974','Deacon Blue','5f2d4a99-4976-485a-a87d-becc1b52a05d','Real Gone Kid',3,'ZHTI31XuQxk',55.8578,-4.24251,'United Kingdom',0.546695,0.918618,0.4418434546451943),(245,25,3,'0f4681f3-1d4d-4463-8a68-eaa60d6d6865','Helen Reddy','a81cbd47-8db6-4501-baf4-20bc23f6c1c5','Looks Like Love',3,'Oz96DN-XDcA',-37.816667,144.966667,'Australia',0.734374,0.589269,0.42126760432983695),(246,25,3,'51013eb4-dcd1-4fd2-945c-e5cf1eb85e84','Casting Crowns','353496c0-74e4-42fe-ac3d-1c70e9689e95','All You\'ve Ever Wanted',4,'Ea-uQFPcvaM',29.194,-81.047652,'United States',0.624318,0.850631,0.4028200435154635),(247,25,2,'148d7e7c-3557-4738-b594-8fef13fd7668','Brazzaville',NULL,'Star Called Sun',3,'De8IAEIBAtE',34.0535,-118.245,'United States',0.888103,0.634199,0.2636748998387977),(248,25,3,'6784ee31-6d79-4a37-9e1f-01d6ef31940e','Dionne Warwick','190c9ad5-d979-4df2-89a9-c37fc0d1c964','I\'ll Never Fall in Love Again',2,'FzQBOBoPg04',40.77185,-74.207039,'United States',0.941776,0.798946,0.14199121099842768),(249,25,2,'0e990816-cb3e-4930-a2eb-77909e42cd66','Eddie Money','d14d1cef-4f0b-415e-a00c-c15952ed552a','Shakin\'',5,'2tcD_dVcXE4',40.714269,-74.005973,'United States',0.920534,0.911758,0.11053957325410671),(250,25,3,'3dc9c919-508f-4255-b05e-0eed6a28137d','Trace Adkins','a429b5d5-fab5-4f01-b4cb-6601bbd03d64','Ladies Love Country Boys',3,'CBQ01X-1AlI',32.994947,-93.509177,'United States',0.938232,0.965555,0.07065125103067876),(251,26,2,'8ac5bea6-3a62-4e28-9df7-03f24d4c06fc','Desmond Dekker','21b80dfc-9210-4940-8785-30baa64784fc','That\'s the Way Life Goes',2,'2FWBTaIgO1s',18.0157,-76.7973,'Jamaica',0.571015,0.472272,0.7737526036011474),(252,26,2,'0fdd65ac-1b05-4043-b77f-24ec47f3657e','Hunters & Collectors','0e05e639-6beb-4a84-9da2-205dddb85f7d','Throw Your Arms Around Me',1,'LJ4Lbn_t5dk',-37.8175,144.967,'Australia',0.605947,0.58125,0.7154600589964755),(253,26,2,'51191b39-0b2f-4fc5-b062-774ccc377ac8','Tom Robinson Band','3eaae798-f6b4-4fbf-b6ea-d5be69131b2d','2-4-6-8 Motorway',2,'kGrnEc_3mYo',51.5063,-0.12714,'United Kingdom',0.647197,0.702004,0.6525572412274027),(254,26,2,'b05af404-b129-4c9e-9606-01baa53e05f9','Delta 5','a9709a93-ab4c-4c3b-b331-c931dff8c641','You',5,'QQng-B8GWjI',53.7945,-1.54658,'United Kingdom',0.575836,0.719891,0.5917992626882639),(255,26,4,'35718ac2-0681-4270-9e16-ad37f9dc6583','Anti-Nowhere League','a0ba13a6-6a2c-43aa-b1e9-f20be8a3521f','I Hate People',3,'aUQw24BO6bw',51.1334,0.26355,'United Kingdom',0.577486,0.963006,0.4111082193078619),(256,26,4,'26860648-1c93-4849-bc52-a8541ec88219','mclusky','e3dc60a7-a89e-4fb4-9b94-5a569097424e','Lightsabre Cocksucking Blues',4,'OgkzRE89Gyw',51.4813,-3.18073,'United Kingdom',0.479793,0.894444,0.3975073027194485),(257,26,2,'78845d2c-8565-48be-99e0-32c1589459a1','The Chocolate Watch Band','926d9243-17ee-413e-8592-679d4f07dd3f','Sweet Young Thing',2,'vmQVVARe0QU',37.3385,-121.886,'United States',0.447781,0.889665,0.37982502184795236),(258,26,2,'3ca37f23-fdce-49ce-86e2-134c9a17ebc5','Rollins Band','07953208-c9a1-4c4f-89cf-068f43cbefea','What\'s The Matter Man',3,'45rAXTfAO_U',34.1842,-118.447,'United States',0.486178,0.976408,0.3404591936517415),(259,26,4,'b84a2115-ebc8-4a22-b787-e8f72783ebe1','Nothingface',NULL,'Murder Is Masturbation',4,'6pqBUDaC6Sg',38.8991,-77.029,'United States',0.20156,0.906411,0.2038144912673704),(260,26,4,'9cbd1b43-83a7-4a94-9515-d4684ec8e699','Shooter Jennings','4a3bc577-1f3f-4c1b-812d-797570d9965e','Busted In Baylor County',2,'0qriJzExg0s',34.0535,-118.245,'United States',0.274621,0.971823,0.2034153241210709),(261,27,1,'331fb5f2-5330-4e46-b5ef-e39c8fa6bbd0','Sarah Cracknell','eca69ec0-e963-414b-b4ac-700011d41a2b','In the Dark',2,'T8ZGc0ximiM',51.7357,0.47791,'United Kingdom',0.057848,0.450351,0.8648900746579301),(262,27,1,'39ab1aed-75e0-4140-bd47-540276886b60','Oasis',NULL,'Acquiesce (Live)',1,'zixWZBWSt_w',53.4796,-2.24881,'United Kingdom',0.442142,0.483708,0.5062493678147163),(263,27,1,'318d3337-7ca5-49af-aa94-d95934717858','Altered Images',NULL,'I Could Be Happy',3,'dfqPJp7Q7qE',55.861147,-4.2499891,'United Kingdom',0.536406,0.44704,0.4383355112020927),(264,27,3,'a8540ea0-1a74-4c22-8b70-1348a77a74a0','The Shirelles','fa3dd273-f752-42f3-bcef-0eb389cc0759','Dedicated to the One I Love',4,'UnLyypuGG6o',40.855103,-74.126916,'United States',0.601099,0.324174,0.43541967855943303),(265,27,1,'49c48b7f-1ff1-4f02-a1aa-ca1254b46ef2','Harry Belafonte','318be291-6aee-45ad-8b9d-57d93cb0ef49','Jamaica Farewell',4,'KFFlWtlDRqk',40.8084,-73.9469,'United States',0.713788,0.338521,0.3282113993782056),(266,27,3,'623d5f3f-3093-4711-881f-ed33eda10882','The Archies','5ad9efac-da63-4783-b16b-4b989c7ef573','Jingle Jangle',4,'rUsHC7OYOtA',34.0535,-118.245,'United States',0.70665,0.478166,0.2721446781239714),(267,27,3,'f28dc56d-0bd4-485f-92a2-5c3e0e9b57cd','Deniece Williams','ecc35415-ea40-43b4-a48a-054a93cf618a','Let\'s Hear It for the Boy',4,'gI7YHZVc7mM',41.603,-87.3372,'United States',0.821397,0.385519,0.21094483922058857),(268,27,5,'cc30e630-8c75-4d78-b205-8e2edc6bdaa7','Coolio','f840383a-6d9b-4171-873d-8d48f25788e2','Kinda High, Kinda Drunk',3,'nGk6lE5lRLc',33.8953,-118.224,'United States',0.855269,0.428035,0.16163506818076329),(269,27,1,'6da6a053-618f-4f17-aea1-c8075bd8cc2d','The Dave Clark Five','67df5d54-7007-49f6-a14a-2088e76553a7','Because',3,'IX9SJNHz9hM',51.5072648,-0.1278328,'United Kingdom',0.901929,0.387655,0.13795958043499557),(270,27,3,'b2cc8903-0077-4bef-8454-ac5cef53d126','The Ventures','f78c86a6-cc39-4a9e-bb12-7e09d81bee80','Green Onions',3,'dZeOEk5dVz8',47.2530556,-122.4430556,'United States',0.967244,0.473056,0.041347580185544075),(271,28,1,'6ffb8ea9-2370-44d8-b678-e9237bbd347b','Kings of Leon','787d77e9-dac1-4ae3-a5f4-0ebba532f362','Use Somebody',5,'gnhXHvRoUd0',36.1678,-86.7784,'United States',0.166705,0.715003,0.8727762392009764),(272,28,1,'ea5883b7-68ce-48b3-b115-61746ea53b8c','My Morning Jacket','9aa06b66-de2a-46a0-b11a-5034d32185f7','Believe (Nobody Knows)',4,'_K7RsttseGI',38.188962,-85.676819,'United States',0.229776,0.778047,0.7881696879227212),(273,28,1,'20e264d7-b4d5-4e49-8931-a9c67ff07f04','The Subways','fe5fcb1e-8218-4995-bafb-06c286f7135d','I Want To Hear What You Have Got To Say',5,'OZUlm6a8tCc',51.8,-0.2,'United Kingdom',0.240002,0.766556,0.7841622068934463),(274,28,1,'1641141b-3c9c-4772-a5cc-7e23fdf17382','Band of Skulls','f3c5922e-a996-494f-a367-595fe2b9708b','Patterns',4,'bu-I8d4kS_Q',50.9099,-1.40732,'United Kingdom',0.373422,0.757998,0.6686549850205261),(275,28,1,'d15721d8-56b4-453d-b506-fc915b14cba2','The Black Keys','f5e8287e-e3e0-4f18-8d89-837e0dbc1bb4','Tighten Up',5,'mpaPBCBjSVc',41.0842,-81.5141,'United States',0.578098,0.708259,0.5078311623019998),(276,28,4,'32b2e717-9e01-4f45-ac73-9542ccf18d4d','Wilson Phillips','06a754ef-3387-4a40-8ae2-35b863f3fbe3','Impulsive',4,'cP3Zn6_VFBw',34.0535,-118.245,'United States',0.712308,0.759784,0.36474740848976567),(277,28,4,'4268556a-5e11-4b31-85be-abd5aaeec6f0','The Christians','d5bd28ec-d950-452a-aa2a-ef76eb482669','Forgotten Town (7\" Single Edited Version)',3,'ahGt_7GwmjU',53.4054719,-2.9805393,'United Kingdom',0.816891,0.741165,0.27953219950803515),(278,28,4,'3be5dee4-5fa6-45a5-97c2-98914580bafa','Mecano',NULL,'La Fuerza del Destino',2,'PlXGG2ZjdIc',40.4203,-3.70577,'Spain',0.886213,0.645741,0.260203627910527),(279,28,4,'be96eda1-7e36-44f6-affe-80780400fae0','The Osmonds','d18d6d0d-3cbf-4bb4-b73a-412e4ea8ec65','Crazy Horses',3,'CS8ZfVTE4SM',41.2224,-111.97,'United States',0.777613,0.956207,0.21849380471262783),(280,28,4,'4268556a-5e11-4b31-85be-abd5aaeec6f0','The Christians','8477e584-1601-4422-a0c7-2986544db714','Harvest For The World',2,'6s-SHrzXbU8',53.4054719,-2.9805393,'United Kingdom',0.801864,0.955733,0.19701503014795588),(281,29,2,'a3ee920f-4e7f-4993-8aca-4b8538cfaa4a','Afrojack',NULL,'Turn up the Speakers',5,'dzHdo4yxidc',51.85,4.3333333,'Netherlands',0.356132,0.881489,0.7440072434615386),(282,29,2,'69c075c0-3c49-4143-8aa8-fdfbacac3b08','Guy Gerber','3bba0143-798d-47bc-bd8e-9324cd097155','Timing',3,'XlBJR7ZELAM',32.0025,34.7556,'Israel',0.352482,0.796592,0.6960058652845527),(283,29,2,'c85cfd6b-b1e9-4a50-bd55-eb725f04f7d5','Avicii','e6d35064-da9c-43e7-a627-b919935bcdaa','Hey Brother',5,'6Cp6mKbRTQY',59.3322,18.0624,'Sweden',0.409504,0.73935,0.6160458459928378),(284,29,3,'f874ea71-ab00-478b-a09a-d63a3e6e1677','Mix Master Mike','ccc93194-7f44-4031-bf1b-ec05591b7aad','Hydrolik Carpet Ride',2,'rQfgVzAMBlE',37.7796,-122.42,'United States',0.61885,0.86316,0.5228011485805979),(285,29,3,'b2a2e0ae-674c-4e42-89c2-d792705d9094','El Indio Gitano',NULL,'Remedios Pa To Los Males',2,'2pqPXhPK0CU',39.8949,-2.98831,'Spain',0.594779,0.710346,0.45040234668162415),(286,29,3,'bc3f048c-0cfe-4d92-b7a9-269e093e2231','Radio Tarifa','dc923b23-7977-4d20-86a8-6b52c2ccbcf1','El Mandil De Carolina',5,'1pV61oCJyrQ',39.8949,-2.98831,'Spain',0.489619,0.563045,0.4461931577432703),(287,29,2,'3f180da3-4d5e-4678-957c-15ccdb123d84','Gregory and the Hawk','c7b2b05a-fd82-4ad4-9437-be4c6e6073a8','Leaves',4,'jAm9IHobDXI',40.7146,-74.0071,'United States',0.699257,0.787416,0.41303211503167053),(288,29,2,'a7fcbfe0-19dd-41fa-9689-508f4b57768d','16 Bit Lolitas','fc4c165f-4e5d-456b-842d-24b277154596','Beat Organ',4,'cGIizYKNEbk',52.35,4.9166667,'Netherlands',0.651845,0.677992,0.3853351436599271),(289,29,3,'a449973b-074b-4cf0-a4d6-f11fa2d1073f','E-40','12fec8ce-bc3e-4468-aa85-5c7c0ce10354','Sprinkle Me',2,'byuQVTdlfos',38.244889,-122.135862,'United States',0.742899,0.743525,0.3517860587330082),(290,29,4,'cd103368-a248-44d6-90d7-ed36afda8d7d','Cody ChesnuTT','4957aa8c-ce39-4101-b02a-40ab6ef0ef57','Look Good In Leather',4,'-Y4K0J3fPmw',33.844371,-84.47405,'United States',0.96667,0.859366,0.2422194148135722),(291,30,3,'0ea427c8-07d4-4f9c-92c6-bc4e8241799a','Cirque du Soleil','006e0a17-57c6-4ac9-b544-e786a882e19b','Egypte',3,'RJVA-IYQDVk',53.8913,-68.4311,'Canada',0.365519,0.439678,0.8448533034820306),(292,30,1,'04d25080-32e2-49a2-b638-c9ca4f3e12bd','Louise Attaque','86a40eec-11f4-4e62-9ecc-9e5b2a44055a','Léa',1,'CFCwbsS1eMk',48.8569,2.3412,'France',0.532353,0.300554,0.8252593745753513),(293,30,3,'631e2d6a-16ac-4c49-89ac-987dc81e60e9','Bill Conti','f8691166-3497-4684-bf0b-29b2bb5f13e0','Redemption (Theme From Rocky II)',2,'6-8yN_HUU9Y',41.8239,-71.412,'United States',0.488427,0.536188,0.6897013477676406),(294,30,3,'a449973b-074b-4cf0-a4d6-f11fa2d1073f','E-40',NULL,'California (feat. Dam-Funk & Ariel Pink)',1,'AYAhgoXDin0',38.244889,-122.135862,'United States',0.500828,0.81665,0.48261593450900486),(295,30,1,'8a3cf5e4-2a31-4a5f-b616-5eca012a698e','Prince & The New Power Generation',NULL,'Money Don\'t Matter 2 Night',4,'Yyt3v6HnGYU',45.160411,-93.314839,'United States',0.709105,0.629252,0.46785225202461084),(296,30,3,'d4659efb-b8eb-4f03-95e9-f69ce35967a9','David Byrne',NULL,'Dirty Old Town ( LP Version )',5,'PiKnFGSoyZo',40.7146,-74.0071,'United States',0.965414,0.491329,0.3841407086270603),(297,30,3,'26f07661-e115-471d-a930-206f5c89d17c','Mötley Crüe','9ead6317-2e80-4427-8c48-33ca3a8f6de1','Smokin\' In The Boys Room',4,'5oVBvxA0mm0',33.973951,-118.248405,'United States',0.598231,0.942956,0.3244297835965435),(298,30,3,'d4659efb-b8eb-4f03-95e9-f69ce35967a9','David Byrne','94139d62-6da9-43d5-bca6-5bce3eb5c2f8','Neighborhood',5,'evGioDtbDxA',40.7146,-74.0071,'United States',0.737894,0.805217,0.32306931014954043),(299,30,1,'2f9ecbed-27be-40e6-abca-6de49d50299e','Aretha Franklin','381d749d-6abb-40c7-b396-6562b4b65ac1','Respect',5,'6FOUqQt3Kg0',42.347021,-83.060184,'United States',0.961272,0.595797,0.3131995136977387),(300,30,1,'584eadcd-e493-4c59-a1f2-9eea9ee399a3','Heartless Bastards','5b0068d3-bf38-4cd1-91ec-ffc04741250a','Got To Have Rock And Roll',2,'G6zLesQoywc',39.28843,-84.351981,'United States',0.880221,0.810566,0.2186466091310359),(301,31,1,'16a43d5e-c52d-4eaa-9c3b-00b2c1d8e816','Skillet',NULL,'Whispers In The Dark',4,'B58OBfM-8A4',35.169255,-89.990415,'United States',0.343988,0.937945,0.7826099285034659),(302,31,3,'4aec87a5-f33e-4bd6-89f2-0c96188c8372','The Troggs','dcaf34d5-617a-4d3f-bc02-eb64b421c399','Wild Thing',3,'4qHX493bB3U',51.2078102,-1.4792907,'United Kingdom',0.371258,0.714343,0.6582210446239166),(303,31,1,'f59163ba-1a7a-4349-b0fd-fb9582ebe333','Extremoduro',NULL,'Stand by',5,'K2WPRoqvQH8',40.0299,-6.08985,'Spain',0.353719,0.628139,0.6353568023403857),(304,31,1,'98ad7a28-1949-4786-b1f6-4fa05b9b440c','Miguel Bosé','3c1176ac-5980-4b56-b96b-d1c4d01d53dd','Solo sí',4,'3jUcOz9Emww',39.8949,-2.98831,'Spain',0.401596,0.661923,0.6076429758272535),(305,31,1,'251ba523-9a3e-4943-8443-f1d1051c8f3b','Blood for Blood','911bbbe3-6d52-4600-ad19-1b4bce6e382c','Some Kind of Hate',2,'-AEqY_QMVZA',42.370567,-71.026964,'United States',0.590411,0.983414,0.5825368517894812),(306,31,3,'75a9770d-427e-47be-80bf-9b84b389646e','Jack McDuff',NULL,'Flat Backin\'',2,'RJc0i84Ytls',40.1142,-88.2435,'United States',0.397228,0.541519,0.557703528044964),(307,31,1,'bd53f9a7-8be9-46b0-bf7d-1deea3cb57bc','Robert Plant','c77a5c32-8f65-49d5-96c0-012b6f3cd3e2','Please Read The Letter',4,'rjs0p5FWpzc',52.383333,-2.25,'United Kingdom',0.440814,0.529282,0.5132464717299088),(308,31,1,'8a6e0f33-8a0e-410e-8f41-7f31d3f5640f','Amaia Montero','2e616e89-4947-4754-adb4-fd1ea87c677b','Quiero Ser',4,'oGn-k8qW8VM',42.9639,-2.58927,'Spain',0.605272,0.721786,0.45224117074056847),(309,31,3,'c7356af9-9ea6-4a78-a55b-c73775716312','Charlie Parker',NULL,'Yardbird Suite',1,'wyTUvKWGb1M',39.103053,-94.630384,'United States',0.694432,0.809589,0.4117607377166988),(310,31,3,'92434230-412b-4097-a223-ee67f84cba3d','Chris Connor','bf8dbfdd-7809-45e6-b12e-4289a39a4ce6','And the Bull Walked Around, Olay',3,'1vyxkATDNtw',39.103,-94.5831,'United States',0.703562,0.543376,0.2845405445640392),(311,32,2,'b7f2cca2-72c6-41fb-ae33-53370fc62fe7','Stevie Nicks','c9dc1932-5e49-4baf-9a90-30e21c6f3e33','Leather And Lace',4,'iLEMiDrdSKU',33.4483333,-112.0733333,'United States',0.367276,0.475961,0.6706410651508681),(312,32,3,'e448778f-2b65-4acb-9af3-9616e84faff8','Sharif Dean','98442969-3b19-44f7-b1b6-1526f4974b59','Do You Love Me?',2,'fBaO3TL2dB0',50.501,4.47684,'Belgium',0.432947,0.445159,0.6365701004405051),(313,32,3,'197450cd-0124-4164-b723-3c22dd16494d','Frank Sinatra','bcb8eec4-6570-4312-9fa4-1e8a7042fa8a','I\'ve Got You Under My Skin',2,'C1AHec7sfZ8',40.746851,-74.033934,'United States',0.62077,0.258136,0.5984625667484325),(314,32,2,'5e71af4b-38b6-4235-8510-1349a139ec97','Юлия Савичева','d583efd6-c4e0-431e-ae59-4f3bea1e954e','Прости',2,'I3cnccxRA3g',55.45,65.3333333,'Russia',0.370718,0.711439,0.5266453711187075),(315,32,3,NULL,'Amaury Pérez',NULL,'No Lo Van A Impedir',1,'hvLrC8fdtoQ',21.511,-77.8068,'Cuba',0.582334,0.437067,0.5218926457276675),(316,32,2,'c2c70ed6-5f10-445c-969f-2c16bc9a4c2e','Sixpence None the Richer','af4ac82f-da01-49f7-9449-1c96133d35b9','Kiss Me',5,'NecJF7iHDJY',29.6989,-98.1209,'United States',0.437837,0.735584,0.4584581453941034),(317,32,2,'1fc494a1-9109-4081-a455-2d05bea9d2bf','Ingrid Michaelson','dfde5e73-7cf4-48cd-a81f-7c59d559944a','Girls Chase Boys',4,'5GBT37_yyzY',40.623632,-74.093323,'United States',0.698002,0.584766,0.34075054921377534),(318,32,2,'d3b2711f-2baa-441a-be95-14945ca7e6ea','Roxette','8ec61a82-726f-42ec-99f1-d295140fac8b','It Must Have Been Love',3,'k2C5TjS2sh4',56.6722,12.8575,'Sweden',0.70091,0.605582,0.3259381264155321),(319,32,3,'cc2c9c3c-b7bc-4b8b-84d8-4fbd8779e493','Adele',NULL,'My Same',4,'rC8wZBT2SZg',51.5072648,-0.1278328,'United Kingdom',0.728435,0.603026,0.3054472740782278),(320,32,3,'600c5212-a8e6-458e-bd3f-78b6fbfe329a','Kim Carnes','56f78150-bc37-402d-be68-55fbfbc5ec1e','Betty Davis Eyes',5,'EPOIS5taqA8',33.973951,-118.248405,'United States',0.884974,0.565461,0.20272533245699204),(321,33,2,'85712bc6-be20-4e52-9b5b-1119521796b8','Outrageous Cherry','7def4e96-f344-43bb-956f-b87c978b4ac6','Anymore',4,'OVYtxxqEks8',42.3317,-83.0479,'United States',0.349502,0.301652,0.6394627527084977),(322,33,2,'aa9bc1b4-dbb3-4b17-945a-5a5bae61bbaa','La Pulquería',NULL,'La Faucheuse',5,'RWb48PLeth8',39.4692,-0.37682,'Spain',0.512193,0.122652,0.6166521763496668),(323,33,2,'38b511a2-76fa-4a1e-9b7a-e2a6efa6399b','Jarabe de Palo','7cf3e488-4c98-481e-979f-c525acbe2b7f','Te Miro Y Tiemblo',4,'SfHyFtcGO84',41.3856,2.16874,'Spain',0.368799,0.356108,0.5913592284212079),(324,33,3,'c19ff12b-058f-44a8-b245-b0efb4752925','Smokey Robinson','8a28eb01-4e4e-4685-b661-b1191cbfe38a','Will You Love Me Tomorrow?',4,'wMUmfuMpMcg',33.973951,-118.248405,'United States',0.427254,0.287487,0.5857462427382287),(325,33,3,'59479c29-54ce-429d-9ef8-b7005cd1b6be','Bobbi Humphrey','baa92b97-5ae7-483f-9b91-9ff2e7d526bc','You Are The Sunshine Of My Life',3,'Yv-zd3ukG8M',31.3063,-96.8977,'United States',0.439573,0.30035,0.5681739387814154),(326,33,2,'3a771a9c-6ab2-4258-8da6-4cea031fc574','Transfer',NULL,'Like A Funeral',3,'7QUjvqjsDGE',32.7157,-117.162,'United States',0.413673,0.459568,0.49339742941728654),(327,33,3,'c68ea4b4-85ae-481e-8345-959f6cfc1fdc','The Crystals',NULL,'Then He Kissed Me',4,'cE_jOD2Fxvs',40.6551,-73.9489,'United States',0.636129,0.467216,0.3108132792020967),(328,33,3,'a7290418-82e2-4016-abf4-3fd3e7db926f','Fatback Band','5fc06356-c457-44c2-a8d0-ad7877318d27','Feeling',3,'EHeMiTr1cV8',40.7146,-74.0071,'United States',0.744254,0.323289,0.31062628904433076),(329,33,3,'535afeda-2538-435d-9dd1-5e10be586774','Earth, Wind & Fire','7b02a5c7-0d6e-494b-b533-ec67e774536b','LET\'S GROOVE',4,'Lrle0x_DHBM',41.850033,-87.650052,'United States',0.84134,0.395391,0.1896961557686526),(330,33,2,'169153fd-ba80-401a-8ccd-2825efaf9155','Ray Barretto','43b57bab-6930-4333-b191-778d9d074382','Llanto De Cocodrilo',5,'iBoz074uJ4w',40.7146,-74.0071,'United States',0.933537,0.493467,0.05709851203223883),(331,34,3,'51013eb4-dcd1-4fd2-945c-e5cf1eb85e84','Casting Crowns','a431ec74-726b-4b9e-957e-001362778f55','Thrive',5,'qQ71RWJhS_M',29.194,-81.047652,'United States',0.272647,0.803219,0.7533624607384823),(332,34,2,'efdbd3b1-2d20-4cea-af46-dffbc1e7daba','Lights',NULL,'Siberia',3,'n5S1QxF-a6Y',43.666667,-79.416667,'Canada',0.549778,0.881726,0.46546515521597887),(333,34,3,'0eedfc95-e79a-4fd9-832a-cd816a0b3fda','Lady Antebellum','10b60896-76d5-40a4-9704-6ad4fc73f6d3','Down South',3,'pHnklUTZiCY',36.165688,-86.778098,'United States',0.572214,0.849872,0.45142476788262553),(334,34,3,'73105e8b-2367-4240-9460-5ab5bcc2cce2','Melody',NULL,'Mi Alma Se Enamora',2,'C2oQwgX2KkA',36.9212,-5.54621,'Spain',0.603165,0.753712,0.44472011306412124),(335,34,2,'b3edafa8-0a78-40b9-9404-c6fc1920d2be','The Stylistics','1a648ce4-5518-4bff-978e-38f74ee94e52','Can\'t Give You Anything But My Love',4,'sPi4L-9rc8M',39.9523,-75.1624,'United States',0.617887,0.83526,0.4106593800265188),(336,34,3,'19aeab5c-9c5b-4573-a1c1-9362cc37d408','小山田圭吾',NULL,'Into Somethin\' ～Uno\'s Groove～ / More Mission / Into Somethin\' ～Uno\'s Groove～',4,'b1dej71eA6g',37.4876,139.838,'Japan',0.673831,0.84105,0.3549814467294279),(337,34,2,'7a71e5a4-6603-45f1-982e-f1f80a8a114c','At Versaris',NULL,'Intro',3,'FKIvEEAFE3w',39.8949,-2.98831,'Spain',0.80745,0.895407,0.21216846703240885),(338,34,2,'4268556a-5e11-4b31-85be-abd5aaeec6f0','The Christians','d4830fee-6ac3-4abf-9a1c-888e3eb6bd47','Slip Away',4,'k3Y2qeZRzro',53.4054719,-2.9805393,'United Kingdom',0.865274,0.767166,0.18717395819428956),(339,34,2,'c1c21753-a492-4910-ae8a-b64c6415fb8c','Sopa de Cabra','10b3fa7e-3e4c-4a82-b3ec-b1443b93a167','L\'Empordà',4,'-6PNHbnsp7w',41.9809,2.81874,'Spain',0.953463,0.855487,0.08019707231013898),(340,34,3,'03163617-c888-47d2-bcb0-c163c13a5925','The Bees',NULL,'Chicken Payback',5,'Wq7ASMbOpmo',50.5937071,-1.1977213,'United Kingdom',0.942963,0.963764,0.0641225386896059),(341,35,1,'83138ecb-686f-4ec7-b261-c2e29cc3629d','Trik Turner','74249cc5-e931-4d23-846d-d8377f38a562','Sacrifice',4,'cYw6Rq9Y8LQ',33.4483,-112.076,'United States',0.628475,0.916806,0.7528425524505702),(342,35,3,'85226286-349a-4046-8dcf-f75b32baa6b1','Therapy?','5f3c10e6-da75-4bac-bde1-9d992538c342','Die Laughing',3,'HG-gFjnZAcI',54.6365,-6.81286,'United Kingdom',0.613349,0.883309,0.7206350441579439),(343,35,1,'3be5dee4-5fa6-45a5-97c2-98914580bafa','Mecano',NULL,'Barco a Venus',5,'bhPsg2lRr5Y',40.4203,-3.70577,'Spain',0.493885,0.942092,0.6603906659004556),(344,35,3,'d7f5305a-15fc-4af4-a61b-f6f45510cc8f','Bob Mould','c4797c22-df86-4116-8e11-c47c0e506947','The Descent',4,'8MdhsCeasBQ',44.8488,-74.295,'United States',0.377834,0.983495,0.5924410267642193),(345,35,1,'b8ce9934-9ad5-4817-940c-44277703b0db','Gravity Kills','7dcad677-33f9-4b9f-bb07-cb061f2dc623','Enough',4,'auerzvTt38k',38.631501,-90.19231,'United States',0.472574,0.855338,0.5912622805024904),(346,35,1,'d7f5305a-15fc-4af4-a61b-f6f45510cc8f','Bob Mould','7c89be04-87f8-4bbb-b89a-b6fb0b9fbfe2','Little Glass Pill',4,'j1nQM1DzRPc',44.8488,-74.295,'United States',0.329285,0.98973,0.5573592176503988),(347,35,1,'85226286-349a-4046-8dcf-f75b32baa6b1','Therapy?','ca13b155-5440-4478-bc57-5177ff928638','Idiot Cousin',4,'lRckWFHeoGc',54.6365,-6.81286,'United Kingdom',0.357225,0.904642,0.5286176743758491),(348,35,3,'61b99cc4-06cd-4ad5-9bac-950b2daef9cc','Entombed','2aa817c0-1b80-4db3-bb32-1d55237976fb','The Truth Beyond',5,'6_5Pi2PZE4g',59.3322,18.0624,'Sweden',0.174286,0.872663,0.36311952583838036),(349,35,3,'b8ce9934-9ad5-4817-940c-44277703b0db','Gravity Kills','b40bd4ff-235b-495a-a93b-60113aa73887','Goodbye',5,'NxsCr4uBHWE',38.631501,-90.19231,'United States',0.302069,0.636567,0.32356078640522806),(350,35,3,'f8bf63aa-9bc9-4c03-8673-396cfd5d3cab','Juliana Hatfield','3aa9b338-9c2c-4bb4-b0e8-e2d09c4325fb','Somebody Is Waiting For Me',1,'5ZxH5H3HGvk',44.0048,-69.6707,'United States',0.264234,0.536741,0.233369742533812),(351,36,3,'6ca4886a-8f77-4133-b404-46fb3908e24a','Brenda Lee','a75fbaf0-be51-4dbb-b8cb-52307757c0fb','I\'m Sorry',5,'BGLR25EJtfE',33.844371,-84.47405,'United States',0.312935,0.312591,0.48426356312077273),(352,36,2,'07eb40a2-2914-439c-a01d-15a685b84ddf','The Specials',NULL,'Concrete Jungle',2,'b3B4xC4z9yg',52.407,-1.50776,'United Kingdom',0.217173,0.691445,0.4407760090063684),(353,36,3,'2ff49515-1701-4bac-a53a-04345893f3f3','Gillian Welch','c116bed0-fed4-4622-840f-4e4dde541a34','Red Clay Halo',3,'i7knB3VtAqY',36.1678,-86.7784,'United States',0.447292,0.309358,0.3596128922386639),(354,36,2,'b5c4ffa2-82e1-4b72-b7f3-c60afb74b860','Ray LaMontagne','ba7c0264-8c66-423e-bd75-65b469e717b9','Jolene',4,'PMQkszQVJo4',42.741295,-71.458793,'United States',0.317454,0.66991,0.35445965214616193),(355,36,3,'35ef61ca-43db-4772-ba27-0489e9ebcb69','Emmylou Harris',NULL,'The Traveling Kind',5,'na06CYdo8y4',33.456412,-86.801904,'United States',0.371842,0.570451,0.33849389577294475),(356,36,3,'53f402db-7d17-4927-ba1c-35e75f76c24e','The Wreckers','039690c7-25ca-44b0-b285-f3b3f53f2e57','The Good Kind',5,'YT2BSF8WPzc',38,-97,'United States',0.360045,0.653226,0.32044866282583034),(357,36,3,'3ec17e85-9284-4f4c-8831-4e56c2354cdb','Reba McEntire','aeb73f00-056c-476f-9116-045e46614d45','Fancy',3,'zplc4Ienkws',34.5819444,-95.9980556,'United States',0.447079,0.599805,0.25774007303021784),(358,36,2,'99ea432a-e3d8-42cb-9d5e-db316a6a8458','Nick Drake',NULL,'\' Cello Song',5,'h4y8WGOJu_c',54,-2,'United Kingdom',0.582369,0.379617,0.20846074179613824),(359,36,2,'109958eb-a335-4c5e-907e-597ff4c6af46','Creedence Clearwater Revival','94f4082b-d578-4cb7-ae8e-f6f500774908','The Midnight Special',5,'T00eJSQimIk',37.9156,-122.312,'United States',0.518139,0.647354,0.17450251781098627),(360,36,3,'109958eb-a335-4c5e-907e-597ff4c6af46','Creedence Clearwater Revival','94b57b09-73dd-49f4-b20a-0104108c68ff','Born On The Bayou',5,'wIjUY3pjN8E',37.9156,-122.312,'United States',0.585969,0.601045,0.12727359273489616),(361,37,2,'e08ac443-f1d2-4666-abd1-fa5859592981','Martin L. Gore','f34e172b-dc7d-4df9-8b6b-fbb828307a22','Compulsion',3,'PcKkuiOcsaU',51.5413271,0.1481142,'United Kingdom',0.970298,0.544976,0.7635300957355314),(362,37,3,'351d8bdf-33a1-45e2-8c04-c85fad20da55','Sarah Vaughan','c3436e9b-a833-4aea-8670-0d4ab9d8818b','He\'s My Guy',2,'n1723FgDcQc',40.736101,-74.22509,'United States',0.442958,0.278698,0.6120613869584381),(363,37,3,'b625448e-bf4a-41c3-a421-72ad46cdb831','John Coltrane','69f6389f-fb16-4f6b-a354-82d2be84cdcf','My Favorite Things',2,'YHVarQbNAwU',34.937085,-79.649111,'United States',0.363375,0.301353,0.54224573516776),(364,37,2,'d8354b38-e942-4c89-ba93-29323432abc3','Thirty Seconds to Mars','8abf17de-efd3-4385-b133-0ac32bd16d09','City Of Angels',1,'xtk8ro_eJZE',33.973951,-118.248405,'United States',0.408241,0.344394,0.5398992602642771),(365,37,2,'ff9ef2ef-73a6-496c-8528-4b12b21afbfd','The Slits',NULL,'I Heard It Through The Grapevine',4,'IQxvo_9DEqY',51.5072648,-0.1278328,'United Kingdom',0.903162,0.796043,0.531306504772423),(366,37,3,'3b47247e-5b57-49b6-a0ed-bad80243802a','Sonny Rollins','748690e2-e68d-4b07-bd57-c113eed1ec12','Moritat',2,'EcOnhR5zkXs',40.714269,-74.005973,'United States',0.582886,0.575258,0.48344765188492766),(367,37,3,'293029f7-ac9e-4a8b-bb50-67935b373c47','Teddy Pendergrass','bbb84342-dbc4-46ff-a775-5fca5cd5d7c9','Come Go With Me',1,'nB_N7Yl5EVc',39.9523,-75.1624,'United States',0.402242,0.477064,0.43677571600307674),(368,37,2,'b09b5127-c62e-4bb2-b790-1e4aa18749ed','Armand Van Helden','caf49fd0-0597-4951-abe4-473a781c526c','NYC Beat',3,'I4CtMcoKSr0',42.370567,-71.026964,'United States',0.570519,0.811904,0.298396775083391),(369,37,3,'27613b78-1b9d-4ec3-9db5-fa0743465fdd','Herbie Hancock','aba0c047-a912-4fa9-8744-8e6fc175b3ba','Sly',2,'hNlm-W3m1qc',41.8842,-87.6324,'United States',0.603981,0.912937,0.24513758302897845),(370,37,2,'c842d29f-a297-48cd-bb71-4f77fd672b16','T. Rex','f3eb7192-7d8b-4546-865b-4da5729b672a','Telegram Sam',3,'OJPe3SH9uKk',51.5063,-0.12714,'United Kingdom',0.438941,0.920252,0.1299942670850144),(371,38,1,'0a362a52-39f1-42b2-bb17-1618c71d229f','Blake Babies','f010fbc6-dfd4-4922-ad86-d5d9be0bfbe0','Baby Gets High',5,'O0ex4MEa0zc',42.3586,-71.0567,'United States',0.410482,0.382279,0.6668093309095056),(372,38,1,'b8570b23-8936-4578-9f8a-612a8215aa2f','Comus',NULL,'The Malgaard Suite (Live in 1972)',2,'UngsAk8fcJ8',51.2474823,0.7105077,'United Kingdom',0.343954,0.472453,0.6022732753067017),(373,38,3,'b8570b23-8936-4578-9f8a-612a8215aa2f','Comus','fcc192d1-cbf4-4bb9-a2b5-18ac5865c105','Diana',2,'4aEpyhx_c7o',51.2474823,0.7105077,'United Kingdom',0.367779,0.555309,0.5161339695106792),(374,38,1,'6de3672e-2408-44fc-a6c4-c48de1bb8ecd','Virna Lindt','0c0d4548-0e3b-42ee-a32a-2b7292d0f166','Attention Stockholm',3,'lfRtmUweE1Q',62.1984,17.5514,'Sweden',0.336698,0.662909,0.4238652704434177),(375,38,3,'a16e47f5-aa54-47fe-87e4-bb8af91a9fdd','Ennio Morricone','ef3c82e6-67c1-4bd3-9d48-6d2ac4b5e119','Un Amico',4,'pkvXsLGAxqY',41.9031,12.4958,'Italy',0.40544,0.680442,0.3855117815934546),(376,38,3,'7e302507-6b78-4f3b-9c4c-e3b85580fad0','Belly',NULL,'Super-Connected',5,'YRWC5YueHnM',42.3586,-71.0567,'United States',0.330811,0.821979,0.27480308993862335),(377,38,3,'20587005-7a2a-4b96-8f34-bc643bc4b60a','Matthew Herbert','f495a65f-3371-4b4d-afe4-1cfda773b30b','August 2010',3,'2yEPgmolNG0',51.5063,-0.12714,'United Kingdom',0.566173,0.760766,0.25851964158439267),(378,38,1,'69747c42-016c-4705-9a9c-a411cd859b46','Los Suaves',NULL,'Ourense-Bosnia',4,'jm3YL7SPEwg',42.3389,-7.86611,'Spain',0.502529,0.879177,0.1662817578821182),(379,38,1,'30c75462-fca3-428f-88b1-a9ebf60f7346','Desalvo','095635b7-876f-43fe-991b-62101701b291','Ripper Situation',3,'-V6c1r0aEyg',55.8578,-4.24251,'United Kingdom',0.367247,0.972524,0.12045758242139236),(380,38,3,'261b028a-d4dd-4992-87ec-cdc72ccb52a2','Drowning Pool',NULL,'Bodies',4,'04F4xlWSFh0',32.7781,-96.7954,'United States',0.58112,0.910126,0.11208773782505167),(381,39,3,'2294f18b-5ec7-40fe-9b2b-5ac8c245d701','Shardad Rohani','0252c84f-d267-4a6d-8285-519e560d21f1','Night Caravan',2,'X7cU8c4ydqA',32.4207,53.6824,'Iran',0.619937,0.233867,0.8482570956653298),(382,39,3,'102045e3-577c-4b10-b01b-424b7e461094','Roger Miller',NULL,'Oo-De-Lally',4,'RXjwH2plm00',32.775409,-97.435599,'United States',0.621324,0.308777,0.7851681619291616),(383,39,3,'9a2afb1e-504c-443e-acff-6c40ce75b1a1','Yanni','87201e69-9641-46de-acee-c7283aa46b7e','Within Attraction',3,'mIsi1yxNQvg',37.0429,22.1115,'Greece',0.942526,0.494851,0.45213658212039504),(384,39,3,'090dafe5-818c-4bba-9ebf-7e3a651a5c43','New Kids on the Block','6728e3bd-04f0-4804-a6c9-b606021f0866','Hangin\' Tough',3,'cZBc0ncWEZk',42.3586,-71.0567,'United States',0.618462,0.713559,0.4500090972800817),(385,39,2,'efdbd3b1-2d20-4cea-af46-dffbc1e7daba','Lights',NULL,'Up We Go',3,'MYFeBHKkjdw',43.666667,-79.416667,'Canada',0.542899,0.777841,0.43846078556308027),(386,39,2,'e766f7aa-ca9f-4f84-aaf6-886a2b97db23','La buena vida','390aec62-b6c6-44c0-a322-a8b9487e1138','El Fin Del Mundo',4,'djB5cCIIZuc',43.3174,-1.9794,'Spain',0.660187,0.718322,0.42289377591760563),(387,39,2,'5d5b9113-9eff-41ac-abef-44966e1217b8','Shivkumar Sharma',NULL,'Driving Through The Mountains',2,'3pjdmQ2q1hw',21.7866,82.7948,'India',0.851448,0.623113,0.3959710345808418),(388,39,2,'40ad013b-81fa-412a-965a-ea13e667e657','Nistal','2c266a6e-0580-4a7f-a534-f306cc570de6','No te Quiero Ver',3,'heeK-UB---A',40.4203,-3.70577,'Spain',0.872167,0.673186,0.3428173793107321),(389,39,3,'51013eb4-dcd1-4fd2-945c-e5cf1eb85e84','Casting Crowns','353496c0-74e4-42fe-ac3d-1c70e9689e95','All You\'ve Ever Wanted',4,'Ea-uQFPcvaM',29.194,-81.047652,'United States',0.624318,0.850631,0.3327263974380503),(390,39,2,'b74369c5-56fb-4309-b70f-1a66fcbfb5d5','The Unfinished Sympathy','99518c2a-b676-4e46-9274-852cb3efcb89','This Living Kills',3,'1Ssz5km24T4',41.3856,2.16874,'Spain',0.658254,0.854613,0.3105828624411901),(391,40,3,'2891a977-fe9f-4be0-b7f3-03e96fd83226','Bishi','51cc0751-6e0a-469f-a800-f8a74dfddb37','I Am You',2,'ZvhhPqtNYMo',51.5063,-0.12714,'United Kingdom',0.376102,0.567622,0.7585452),(392,40,3,'def226b0-7990-4b38-ab1a-7740461844dc','Yael Naim',NULL,'New Soul',3,'hhE7QMXRE1g',48.8569,2.3412,'France',0.623836,0.329036,0.7035096000000001),(393,40,3,'33056391-3ed7-4af2-b9fd-66313daabd18','The Submarines','1bdd133d-8015-4d4b-824d-72d365133ca2','1940',3,'NVHQNGzPbOI',34.0535,-118.245,'United States',0.381719,0.670781,0.6921562),(394,40,1,'97d0cf66-ace2-4f89-b126-00f1917316d9','El Cuarteto de Nos','609e1136-ad59-4a18-85d6-153a23a2d1e6','Cuando sea grande',4,'3gY90rziISg',-34.8809,-56.1654,'Uruguay',0.329409,0.882334,0.6070724),(395,40,1,'f59163ba-1a7a-4349-b0fd-fb9582ebe333','Extremoduro','369bd6f7-aeef-45cc-88f7-b7dfbc7d75a4','Decidi',5,'alJgdP95MS4',40.0299,-6.08985,'Spain',0.444734,0.802851,0.5625021999999998),(396,40,3,'bc07a2b3-807a-4dda-9c19-003553f18f45','The Cave Singers','d2becff6-e586-49f0-bd51-c1daec834a8c','Swim Club',4,'PoKzyr4zMNE',47.6036,-122.329,'United States',0.622219,0.650958,0.5116499999999999),(397,40,1,'677002d6-385c-4c8a-8dc5-9d68d514a32f','Def Con Dos',NULL,'El Dia De La Bestia (Version Bso)',3,'essAq0kEq10',40.4,-3.6833333,'Spain',0.425748,0.946856,0.49128800000000006),(398,40,1,'6994f98a-a41e-4d74-af5b-9e3fab3c19b4','Los Nikis','ed9d08a4-6153-4040-b2ea-304ba05daddd','La Naranja No Es Mecanica',4,'22p3wWE3ZEY',40.5979,-3.49999,'Spain',0.76898,0.795071,0.30777340000000003),(399,40,1,'2b9967c7-3246-4658-a561-ded5408dd9af','Los Lobos','2f8e281d-28ef-46c6-a26e-723dba0a18a0','Don\'t Worry Baby',5,'tao8rbrnfbc',34.0334,-118.16,'United States',0.791003,0.803675,0.28499259999999993),(400,40,1,'42941f4b-d3ea-4d78-a5af-2be59bc2acd6','Leño','bb393887-d7e7-4195-9687-9b8af06601be','¡Corre, Corre!',5,'LCkEbLIh-So',40.4,-3.6833333,'Spain',0.861768,0.872596,0.18702800000000003),(401,41,1,'275563da-6962-4dc9-bf50-7675b834b6b3','Made Out of Babies',NULL,'Lullaby',2,'23t0tUPQAbA',40.694481,-73.989319,'United States',0.633068,0.004,0.8012887311991918),(402,41,3,'1507b368-e660-4c15-af94-3f5603561045','Balmorhea','a5e681de-bc2b-4c2e-b8bc-16e9f34b6f82','Greyish Tapering Ash',1,'UbYLNbYLxlc',30.326374,-97.771258,'United States',0.417991,0.426191,0.6287381550335904),(403,41,3,'ed944321-63d7-4275-a272-3e856d42a7bf','Crosby & Nash','a58a6121-916f-4dfa-a37d-8ecc2828828b','Carry Me',2,'nDYo_nlDhq4',37.1679,-95.845,'United States',0.598038,0.291624,0.6096424751804488),(404,41,3,'8cc7578f-9500-4da0-8dd2-234d96459d93','Griffin House','8e82d26c-98dd-4d11-9485-ff08254c5d2a','Better Than Love',3,'N4GYqDfOzMA',39.927059,-83.813228,'United States',0.483119,0.583767,0.46770960409058954),(405,41,1,'b7ffd2af-418f-4be2-bdd1-22f8b48613da','Nine Inch Nails','76c45b5a-a3ad-4612-9940-f1a9f55526cf','Down In It',5,'QrrEo3hZABU',41.489381,-81.667486,'United States',0.482465,0.584956,0.467255745784063),(406,41,1,'9d119d4b-7a7d-4aaf-be18-727c9d1b6ed2','Matthew Good Band','8a83d820-5b07-4a55-999e-aba645e803c6','Haven\'t Slept In Years',2,'c7ItPsBTBLo',49.2604,-123.114,'Canada',0.529219,0.545288,0.4658270962156945),(407,41,3,'530846f0-4098-4d33-bd8a-8611f823bf51','The Clancy Brothers',NULL,'Mountain Dew',2,'pVGUs9nQGaw',53.4196,-8.24055,'Ireland',0.768902,0.340122,0.4598550583024914),(408,41,1,'f76e8c74-ed01-49fd-89d4-fba41d900c49','Danielle Dax','a3bd3a55-edfd-45a1-8714-21f587e0e7b9','The Living And Their Stillborn',3,'7K10IdOQKnU',51.7816441,0.3665169,'United Kingdom',0.697887,0.616791,0.30030867257817223),(409,41,3,'6038dd90-1ae4-40b0-b2b7-8087fcbedc03','Lee Greenwood','4188aac0-6521-4186-a7c2-64fee17c05ed','The Great Defenders',3,'FdYf1ykiZwE',38.5791,-121.491,'United States',0.733016,0.706222,0.21013690604065524),(410,41,1,'864aa861-e22a-4187-8baa-2ef0c215bc0a','Godflesh','9d797cc2-5cff-4b5d-b9e5-7f451511ebbc','Scapegoat',4,'UNLCV9HhRSo',52.4786,-1.90845,'United Kingdom',0.744628,0.748119,0.17111286102833528),(411,42,1,'de1edf40-2b3d-4ddd-873c-e4f59585ba92','Renaud','5c25e8b6-2dbf-4bdb-9541-31a87eb5f079','Laisse Béton',4,'OpTK6N2UmvU',48.866667,2.333333,'France',0.742735,0.626375,0.9681069651903141),(412,42,1,NULL,'Robert E',NULL,'Earth\'s Sinners',0,'xckORnc0Muo',40.669,-73.5544,'United States',0.54313,0.712994,0.8882137984111709),(413,42,1,'48292311-c32c-41b6-af08-b7f61efd2f68','Christophe Maé','d63e6fc2-4ac6-494e-8bd4-5cdb9cfb4463','Un Peu De Blues',2,'G94h2VBff6I',44.05,5.05,'France',0.416106,0.678416,0.7739439283578623),(414,42,4,'6cbe7611-47af-47af-a1e9-509689911ca6','John Tams','70b32fe0-6a26-46e3-a81b-dc9ed2f19a3e','Spanish Bride',4,'WG1ZaL6iivc',54.3141,-2.23001,'United Kingdom',0.155193,0.384625,0.38170896840655966),(415,42,1,'8bb436cd-8fbf-48c6-9fc8-a172c27e24ba','Keren Ann','dcb47eff-1537-49c2-90b0-5b71da83f5eb','End Of May',5,'3g1khAgyD9s',32.4833,34.8952,'Israel',0.272417,0.166426,0.31030886117624795),(416,42,4,'a1db6190-4f83-482e-a794-0088b2b4136d','Garmarna','8e543e62-c79f-4a54-9181-11151675f1d1','Bläck',5,'Vmlssqh-veo',62.3833333,17.3,'Sweden',0.08764,0.348631,0.30849018253503635),(417,42,4,'60e8e938-365e-4429-a141-4c79eb49588d','Chelsea Wolfe','713c4666-8024-46a5-813d-b09b297f8f66','Lone',5,'SbN15ovbFEQ',34.0535,-118.245,'United States',0.163362,0.225098,0.2746827002197263),(418,42,4,'90a096cf-6cdd-4284-a4e2-89a9a5eec618','Backworld','fcc66a6e-bb80-4370-928f-ea298b829e85','Come With Joy',4,'0U_3_qhFW-g',40.7146,-74.0071,'United States',0.03853,0.293907,0.23506845701731222),(419,42,3,'f51a55d0-5f9a-4df9-8a05-ab7bf56fa49d','Fred Neil','ef8b485e-b38c-4a98-83da-3eff2827fb2a','Little Bit Of Rain',5,'G89Qxv2LO0s',41.5047,-81.6907,'United States',0.244929,0.020934,0.18799353016659906),(420,42,1,NULL,'Damien Saez',NULL,'La Prière / Lettre A Toussenot / Stances A Un Cambrioleur / Lettre A Toussenot',2,NULL,45.2781,6.34414,'France',0.10996,0.138981,0.17602786921536037),(421,43,4,'bdf0da5a-7723-4ad4-85f5-3de6b26e35b4','Los Sencillos',NULL,'No, Por Eso, No  (Quiero Que Tu Te Vayas De Aquí)',4,'06CLgdyDJhY',39.8949,-2.98831,'Spain',0.702611,0.947469,0.7581275887827557),(422,43,2,'852fb986-b0d9-4529-adaf-4f38bc1b1040','Anna Nalick','48bb4d0a-a068-4f44-a22d-929e52658502','Bleed',3,'vZqzVxxFrdQ',34.136,-117.865,'United States',0.751899,0.896921,0.6919003208120333),(423,43,2,'ffc35dde-fc40-4009-bb41-a9aedfd2a27c','ALO','dec4e73c-bf7a-496e-bb96-7ff36e539422','Dead Still Dance',5,'Z14LjqOlc24',37.7796,-122.42,'United States',0.725606,0.826923,0.6386528767479612),(424,43,2,'c33c2065-b1c3-4406-b066-d33a9e2ea71a','OneRepublic','e3373f9d-3122-49c4-b1fd-c5147b3fd016','Good Life',4,'jZhQOvvV45w',38.861469,-104.857828,'United States',0.681415,0.802511,0.6343298968345271),(425,43,2,'07e748f1-075e-428d-85dc-ce3be434e906','Dave Matthews Band','e4c3aa0b-4a62-4882-977d-82fcd72f960c','Ants Marching',3,'AdidovCPhVM',38.087663,-78.556765,'United States',0.838573,0.855507,0.618807813760909),(426,43,4,'0eb5ec86-2099-44a8-8091-e126f7ad7f2f','Amparanoia',NULL,'Que te den',2,'K1fKWNRibNg',37.1704,-3.60542,'Spain',0.815255,0.811778,0.5883470832655944),(427,43,4,'f59163ba-1a7a-4349-b0fd-fb9582ebe333','Extremoduro','6165a158-dbae-430f-9e4d-274699375fe2','Cerca del suelo',4,'JUlUz6_p400',40.0299,-6.08985,'Spain',0.746253,0.69149,0.506533947303696),(428,43,4,'c23b637b-97c6-41eb-8ef6-6c724efc80a8','Zero 7','92c60d06-c690-4df7-963c-5900e0a1c6ba','Salt Water Sound',5,'tyvbh-ngUZM',51.5072648,-0.1278328,'United Kingdom',0.784817,0.674991,0.47577347836520945),(429,43,4,'66402851-a2a8-481d-a23f-3cd786f61356','Pepe Aguilar','e4d8a953-838a-46f8-93b0-1cf5db37cc26','Qué Bonita, Qué Bonita',2,'K9QVNvNTWZw',29.468413,-98.528889,'United States',0.724434,0.632766,0.46176531754505407),(430,43,2,'ff6e677f-91dd-4986-a174-8db0474b1799','Jack Johnson',NULL,'Flake',4,'BZWuYU2kcLg',19.41271,-154.96301,'United States',0.964263,0.684773,0.41170785260285964),(431,44,3,'20587005-7a2a-4b96-8f34-bc643bc4b60a','Matthew Herbert','74eb8c29-1d41-45c5-a30f-3464cbc85aa9','Milan',4,'9v3cTnfTiv8',51.5063,-0.12714,'United Kingdom',0.488179,0.325901,0.6885981279495583),(432,44,3,'4a00ec9d-c635-463a-8cd4-eb61725f0c60','Deadmau5','825f33f8-2e06-432a-ba6b-77167c6fb732','I Remember',3,'8X5_XxIU54k',43.6486,-79.3853,'Canada',0.589526,0.514731,0.5414602402788857),(433,44,2,'261b028a-d4dd-4992-87ec-cdc72ccb52a2','Drowning Pool',NULL,'Soldiers',4,'4W3XCuRjTSY',32.7781,-96.7954,'United States',0.428429,0.60356,0.4062837389521823),(434,44,3,'0f96c38b-8e21-4571-afe0-cb11196a8acd','gossip',NULL,'Move in the Right Direction',4,'12zPU-8bsTE',47.0392,-122.891,'United States',0.466258,0.835732,0.19795583444293083),(435,44,2,'0381d746-89bc-4c1d-ae1a-491f0537d772','Violent Delight',NULL,'Same Old Story (final)',3,'BObAhf_miOI',54.3141,-2.23001,'United Kingdom',0.645583,0.910665,0.18351754228751274),(436,44,2,'02c1219a-3cb8-4644-abbb-f6129e6909ba','David Draiman',NULL,'Forsaken (Album Version)',2,'_br16Sw8FSo',40.694481,-73.989319,'United States',0.424759,0.842471,0.17845069513538578),(437,44,3,'415e30a0-116b-4a4f-8cbf-8d0f6406bbab','CHESTER BENNINGTON',NULL,'White Noise',1,'DlitEk_pJt0',33.4483,-112.076,'United States',0.634254,0.997365,0.09767915855442993),(438,44,2,'ad2988cb-a273-4f1b-96f0-ec98b6631005','One Minute Silence','74f377bb-28a7-4a85-a790-9acf112ef298','I Wear My Skin',3,'Pdi_KiAgmQ4',51.5072648,-0.1278328,'United Kingdom',0.371996,0.911971,0.09584050812727628),(439,44,2,'448579df-6b71-4c98-a8ba-5f8be40f2b90','Disturbed',NULL,'Indestructible',3,'Hj2vU2nr5Jw',41.850033,-87.650052,'United States',0.525781,0.965875,0.09328488409167485),(440,44,2,'27284aa9-d272-467a-9e0f-59f4b7572a0d','XXL',NULL,'AIDAH',3,'i6LuWG8AhXY',40.5987,-3.71157,'Spain',0.374092,0.948353,0.06198427886253228),(441,45,2,'6b966946-5274-4e3d-aabb-7563814d805f','After Forever','d7ef2e69-dc45-465a-96ee-0f64aea2c3ac','Beyond Me',2,'KE8FyKIJFwQ',52.1082,5.32986,'Netherlands',0.205192,0.650653,0.7782719566271163),(442,45,3,'2f4cc8b7-bf39-402e-b9c9-1c7ca1de2efd','John Barrowman','a66b695b-0522-4273-aa33-fcf6343704e7','Listen to the Music',4,'CL0hRcrlYgk',55.861147,-4.2499891,'United Kingdom',0.289112,0.781773,0.7618502734003578),(443,45,3,'37095068-147b-4c68-8d79-ea25a92b590a','David Cassidy','1f8b3b6b-cb68-4f98-a9ce-3ba5d6ce0895','I Write The Songs',2,'a_6cwUso8CA',40.7146,-74.0071,'United States',0.180594,0.56357,0.7613283751344094),(444,45,2,'77ed79b1-066f-46cf-b85b-01f77aa78deb','Vinnie Colaiuta',NULL,'Bruce Lee (Instrumental)',3,'FXv9IKmfxsY',25.8996,-97.4955,'United States',0.178601,0.542956,0.753892107468436),(445,45,2,'7b7bf556-ce91-41ec-96ee-4bda0d6f3948','Noush Skaugen','b0a04152-357e-4a2d-b62f-4ea2dd192e21','Adeline',4,'gHFZsNmF-Fk',51.5063,-0.12714,'United Kingdom',0.390779,0.801611,0.6797883674804976),(446,45,3,'b83bc61f-8451-4a5d-8b8e-7e9ed295e822','Elton John','8f95a58f-514f-4918-9d9a-385b343916d4','Sacrifice',5,'NrLkTZrPZA4',51.5968712,-0.3770142,'United Kingdom',0.391296,0.558569,0.5706342619452499),(447,45,2,'1365bd3a-4052-4a2b-bfa2-eb539c663039','Katarzyna Groniec','095abc2f-c348-4399-8280-b897d5a6cc83','Podaj Dalej',4,'3xncaGqEROg',52,20,'Poland',0.634923,0.808702,0.46459052696670433),(448,45,2,'8cc7578f-9500-4da0-8dd2-234d96459d93','Griffin House','667fbc6c-747c-48ce-b587-060227d64633','Let Me In',3,'8itgvkkSUUQ',39.927059,-83.813228,'United States',0.564266,0.659019,0.4608477963859651),(449,45,3,'bf0f7e29-dfe1-416c-b5c6-f9ebc19ea810','Bee Gees','6c808bb9-b394-41df-ad35-b61c7156c5af','Tragedy',3,'SPcsMMEMbfw',-27.2222,153.107,'Australia',0.667984,0.678862,0.37695365636534145),(450,45,3,'f31ec2ac-9071-4306-acd1-d2c8321033b5','The Bangles','17fae7dd-4037-4ea6-b05a-dbb60b7bc9e6','Walking Down Your Street',3,'HvnV2jFeWNQ',33.973951,-118.248405,'United States',0.857325,0.83082,0.27555960113920897),(451,46,3,'0b1e097a-4afa-4e82-b5ef-b49cfcb54927','CHEIKH LO',NULL,'Degg Gui (Album Version) [feat. Flavia Coelho & Fixi]',2,'a-B4Q5_I_mI',14.6708333,-17.4380556,'Senegal',0.908862,0.520545,0.5335871156363843),(452,46,3,'9d1bc10a-24fe-4b41-8338-ea92d8101a09','Martha Reeves & The Vandellas','0fd25464-2fbc-4de7-91b6-58474ef07414','Heatwave',3,'5k0GDQrK2jo',42.347021,-83.060184,'United States',0.943207,0.642043,0.45163441689403355),(453,46,1,'092b603f-eb4c-4958-b10e-02420de5885b','The Cars','1d21b7e4-b9cb-4895-9272-69a9663bd87a','Just What I Needed',2,'TsPh-EgH65M',42.3586,-71.0567,'United States',0.82973,0.607345,0.4174543408574963),(454,46,1,'27e948aa-6b38-4da2-acf6-8459964a130a','Quique González','95bf3a0b-05c5-4a6a-9517-0b5c81fce6e5','Tarde De Perros',3,'lwR88wtQrzE',40.4,-3.6833333,'Spain',0.886651,0.658669,0.40639424052466167),(455,46,1,'8951c87f-f730-4247-b442-52ed14ad6a97','Laura Veirs','ea81d133-cf71-4274-b7ae-2c5b77249361','Don\'t Lose Yourself',1,'Sjf0igrY9zs',45.5118,-122.676,'United States',0.776462,0.638804,0.36170633525629453),(456,46,3,'e5257dc5-1edd-4fca-b7e6-1158e00522c8','The Jacksons',NULL,'Blame It on the Boogie',4,'mkBS4zUjJZo',41.590686,-87.319937,'United States',0.896772,0.769852,0.31956321302546736),(457,46,1,'24d2505b-388c-46cc-8a64-48223ea6d78d','Take That','80737f8c-5adf-4a68-bcaa-d3e7bbcc2e3e','Shine',1,'JwC1Ctrj6Xk',53.5,-2.216667,'United Kingdom',0.727877,0.766817,0.22827124239196825),(458,46,3,'b713a59d-ea09-4377-8faa-263012947010','Bobby Brown',NULL,'My Prerogative',2,'5cDLZqe735k',42.3302,-71.0914,'United States',0.701481,0.768419,0.21227699713051149),(459,46,3,'9641c354-53da-4fd5-b8ee-d52e8e1e7e7e','Money Mark','19dc93ff-e842-40ed-8e34-2355f9e32d10','Crowns',2,'h3vFPvxvL5o',37.1679,-95.845,'United States',0.671859,0.855398,0.12349657461479692),(460,46,1,'4dcffc18-b573-4850-833c-d08e2b7e93b3','The View','18eb69b9-9e44-4785-b55d-a60eda398af5','How Long',4,'LVulprSDlLs',56.4614,-2.96761,'United Kingdom',0.671694,0.954237,0.041216515904240525),(461,47,3,'e29c77e6-3bc0-4bea-90ed-4caff60f6bc3','Thomas Tallis','b5538fef-8c27-4667-9e88-aba0cb4a9b90','Spem in alium',4,'7Cn7ZW8ts3Y',54.3141,-2.23001,'United Kingdom',0.070605,0.2507,0.9556188239170087),(462,47,3,'2c948044-de63-401a-8671-1600ed0f69bd','Chloë Agnew','b674a185-4818-40da-86ef-424cc4acef93','One World',3,'oTOpx3iulaI',53.4046,-6.30543,'Ireland',0.081162,0.367842,0.8610173826991899),(463,47,1,'f1bedf1f-4445-4651-9c35-f4a3f3860a13','Giuseppe Verdi','29b6a983-09b2-4197-8951-6824f4891e80','La Traviata: Preludio',5,'XZqoFQd_Cec',44.5166667,9.6166667,'Italy',0.112538,0.344398,0.857713954381609),(464,47,3,'111fc571-075e-4b95-baed-dfa526fbca5d','Jackie Evancho',NULL,'The Rains of Castamere',3,'eWT9kKS8RBE',40.4383,-79.9975,'United States',0.059116,0.466517,0.8018725888100925),(465,47,1,'0b3ee6cd-a2df-4144-adf9-7807ee7ecc4f','Carl Orff','09510ad1-71dd-47f4-91cd-61b9d6b0aba9','Carmina Burana - O Fortuna',5,'GXFSK0ogeg4',48.15,11.5833333,'Germany',0.315824,0.257479,0.7877263310223146),(466,47,1,NULL,'Georg Friedrich Händel',NULL,'Music For The Royal Fireworks - La Paix',5,'1idrAiopmKo',51.5,12,'Germany',0.266223,0.303927,0.785930028017697),(467,47,3,NULL,'Stanisław Soyka',NULL,'My Funny Valentine',4,'wskmHzBNIow',50.0474,18.6964,'Poland',0.145833,0.440282,0.7639100937352122),(468,47,1,'ad79836d-9849-44df-8789-180bbc823f3c','Antonio Vivaldi','b06f7232-c998-4665-a9ec-4ec99db46da7','Gloria in D Major, RV 589: I. Gloria in excelsis Deo',5,'_0zWIJc4U_8',45.4386111,12.3266667,'Italy',0.555963,0.409855,0.514338326363383),(469,47,3,'a964a387-1f12-411d-9d72-0e74e94580b5','Adonai',NULL,'Real Ganjaman',5,'1C1EpBiWaho',28.644,77.091,'India',0.59498,0.47348,0.4408564217169938),(470,47,3,'352453ac-c751-4bd8-ac20-86344a38ac90','The Wailers',NULL,'Hang Up',4,'F-xmOCYO4jo',18.0157,-76.7973,'Jamaica',0.317248,0.878783,0.3222074106298117),(471,48,2,'8f634fbc-0aeb-400c-9856-a45ebd82a57e','Poirier',NULL,'Bang Bang',2,'LTF4VjXen0U',45.5,-73.583333,'Canada',0.189672,0.751204,0.5023127408725557),(472,48,3,'a6410b96-d6ad-476a-b909-1e7425e808f1','Los Burros','6f7a2cae-b714-4227-9257-771216635eae','Portugal',0,'JnhrfzTR71c',39.8949,-2.98831,'Spain',0.529418,0.532026,0.4406119528513587),(473,48,2,'1f1b39d1-ef8e-4580-8dfc-f0634e95f152','Greyhound',NULL,'Moon River',4,'fzKxZJgQAVo',51.5063,-0.12714,'United Kingdom',0.662804,0.478079,0.39238294385688044),(474,48,3,'6e024ae4-e8bc-46a6-9bbb-6a4b58c8df2d','Time Modem','36d6699b-689c-4b53-931d-26df0e763b04','Caladan',2,'iQ1fHher628',51.1642,10.4542,'Germany',0.406137,0.722327,0.38017407849979595),(475,48,2,'37367b2f-69e4-4df2-9e64-75ca6204764b','Steel Pulse','b956f190-2107-4086-b498-3582c64379a9','Feel The Passion',3,'_dLQK9HrBjo',52.4813678,-1.8980725,'United Kingdom',0.649986,0.529347,0.36255890274072794),(476,48,5,'32e5def8-6668-4459-bf21-643c0bde0de8','Alaska y Dinarama','18522c9d-c577-48b0-b2bd-41703f18bbbc','Cómo Pudiste Hacerme Esto A Mí',0,'aEPDNfgLA8Q',40.4203,-3.70577,'Spain',0.363153,0.904607,0.2724172177646052),(477,48,3,'4bb712d6-8be9-4c09-810a-eb3bed2be345','Héroes del Silencio','efacb481-34e7-4851-addd-95216510ed63','Iberia Sumergida',3,'BzhmKG6AYt4',41.6517,-0.88132,'Spain',0.484196,0.915363,0.18400289423304236),(478,48,2,'49c43c49-328d-4b14-8a1d-be99cafaec14','Seeed','92c9ece4-0544-466e-b8bf-78442d7ddd0c','Dickes B',3,'GYK-NfOo7b4',52.5161,13.377,'Germany',0.619688,0.806165,0.17568885913151033),(479,48,2,'24f8d8a5-269b-475c-a1cb-792990b0b2ee','Rancid',NULL,'Lock, Step & Gone',4,'gs2-HhEtBAA',37.8699,-122.271,'United States',0.539234,0.975544,0.10245838031686035),(480,48,3,'8d0c6147-90f0-4045-810f-97f5789f9bd3','The Fleshtones','27102667-e049-448b-bd2b-b714dab3ad83','I Am What I Am',2,'LW03-DCBV7Y',40.7038,-73.8317,'United States',0.603833,0.981535,0.05508542510417833),(481,49,3,NULL,'Stanisław Soyka',NULL,'My Funny Valentine',2,'wskmHzBNIow',50.0474,18.6964,'Poland',0.145833,0.440282,1.0191644),(482,49,1,'74023430-99ac-4517-b7a6-f0cf0120a47d','Chris Spedding',NULL,'Gun Shaft City',3,'IKePEg0E3Wg',34.0535,-118.245,'United States',0.269386,0.512758,0.8768363999999998),(483,49,1,'4b0be624-6b87-47e8-bbf0-588a2c6c0439','J.J. Cale','a75ca964-249c-4a9e-82bc-20bbf73baaf1','After Midnight',4,'5WUeOEkl270',35.491608,-97.562817,'United States',0.49725,0.480586,0.7138484),(484,49,1,'a41ac10f-0a56-4672-9161-b83f9b223559','Van Morrison','445a4953-238f-412a-8f33-7f171b243542','Brown Eyed Girl',5,'UfmkgQRmmeE',54.5953,-5.93452,'United Kingdom',0.76943,0.495449,0.4871866000000001),(485,49,1,'404c5c4c-7d08-44e4-9721-68a824edc144','Burton Cummings','5f2eca69-e03e-42f9-a18b-f440bd476f80','My Own Way To Rock',5,'SEKYDaAmwv4',49.8994,-97.1408,'Canada',0.588628,0.910363,0.3828797999999998),(486,49,1,'70248960-cb53-4ea4-943a-edb18f7d336f','Bruce Springsteen','23a752f7-9cd1-4bd4-8d0f-f05c3d286b9c','Born In The U.S.A.',4,'lZD4ezDbbu4',40.2345,-74.295,'United States',0.588971,0.952035,0.3576021999999999),(487,49,4,'352453ac-c751-4bd8-ac20-86344a38ac90','The Wailers',NULL,'All Day All Night (Jamaican Version)',4,'mHSkw4mbbwU',18.0157,-76.7973,'Jamaica',0.838556,0.647503,0.3406534),(488,49,4,'4b9621eb-09d2-4e40-8ef2-a874ffe7eaea','Farley Jackmaster Funk',NULL,'As Always (Full Vocal Version)',2,'fNeE8tRsFlQ',41.8842,-87.6324,'United States',0.717593,0.872613,0.30235780000000007),(489,49,4,'e513b3f9-87a0-4b7a-9321-8d7fbc81e187','Miss Pooja',NULL,'Ferrari Laike',3,'B3MbyBtAzuI',30.483056,76.595,'India',0.715196,0.939402,0.2642019999999999),(490,49,4,'ef59e206-221b-4bfd-97ab-49280137c479','Charlotte Church','835b9815-8657-4f15-a0dc-37540d76c4e3','Crazy Chick',3,'lDu6jsMGgws',51.4935,-3.21418,'United Kingdom',0.846235,0.928153,0.1661201999999999),(491,50,3,'0182474b-8a1d-46d0-9d0f-e6df353335ea','Perry Como','393dcc99-e47e-4d9b-b3ee-3e70ebd409d1','Magic Moments',3,'9ND3oghPL5M',40.26257,-80.18728,'United States',0.697921,0.262574,0.3841102884590599),(492,50,2,'a8fee308-c305-4ca1-8d30-28d150a8d5f7','Laid Back','92df7273-7314-43a0-b7c8-8e0cfa324f1f','Once',3,'5U-EqPGB__k',55.6763,12.5694,'Denmark',0.681927,0.415218,0.30544540611089604),(493,50,3,'1a3ecb00-86c5-44ab-a0d0-844892f960cd','Eino Grön','5f5fab19-44f7-481f-ae4b-e3a49bc7fb4d','Povas mulle mustalainen',2,'eMRMU1CwEps',61.486,21.7954,'Finland',0.726011,0.369152,0.29775711626013923),(494,50,2,'9960700d-2017-40bd-b2d4-1d365d668c81','Brett Dennen','cd21411f-adb0-4bd5-b51f-d8e9fc4b10fc','You Ain\'t Goin\' Nowhere',4,'Zo7_QOxvk24',37.839643,-120.698578,'United States',0.706601,0.460829,0.25836041816448846),(495,50,2,'87483834-5102-4a96-b36c-c567841fd0a4','The Dave Pike Set','1b62677b-6cf3-491a-a4cf-bd6fcfcbc1cb','Big Schlepp',1,'BuGP65gi_TM',42.3317,-83.0479,'United States',0.799144,0.360356,0.2444795232980556),(496,50,2,'bf48d271-9595-4043-9064-52f43707d4ab','The Herbaliser','a0d4228e-211a-4ad0-aa8f-74825ade8005','Put It On Tape',4,'f5BKWF-grX4',51.5063,-0.12714,'United Kingdom',0.798918,0.400299,0.22072530123424733),(497,50,3,'68a748ab-9f2c-4935-9db3-64f8c81b1471','Tammy Trent','df2d4b3d-363b-46f9-a266-0b5b5e321394','You Don\'t Have the Strength',3,'r327xYADdfg',36.1678,-86.7784,'United States',0.858757,0.424805,0.15813490334831992),(498,50,2,'4870d3b6-a69c-4ac7-9b22-37719cc01538','The Toyes','75a74f74-f59a-4003-ad13-82dab9f2131f','Late Night Bozos',2,'sgMd0oI5_AA',44.1156,-120.515,'United States',0.816812,0.497722,0.148020766098635),(499,50,2,'9a571eaa-cffe-4b39-9290-875de7adf280','Dr. Calypso','4f40802a-4e16-4c2d-abfd-4e3d3732f556','Reggae XXX',1,'vF3ovJ5cD0Q',41.6922,1.74161,'Spain',0.850821,0.492363,0.12400530254416091),(500,50,3,'352453ac-c751-4bd8-ac20-86344a38ac90','The Wailers',NULL,'Reincarnated Soul',1,'__fb47NFcqQ',18.0157,-76.7973,'Jamaica',0.936393,0.490634,0.05653458091859805),(501,51,1,'b185451a-9edd-46df-8046-1db7e9594f5a','Vetusta Morla','fd18a1a0-519c-438d-a18b-4ab3b4d5c88c','La Cuadratura Del Círculo',4,'KRsSeJ-C2yY',40.4203,-3.70577,'Spain',0.182067,0.87906,1.0317824),(502,51,3,'815a0279-558c-4522-ac3b-6a1e259e95b5','Canned Heat','e6b58920-0de8-49d7-bbc6-96b7907a2540','On The Road Again',2,'qRKNw477onU',34.0535,-118.245,'United States',0.177077,0.742812,0.9540256),(503,51,1,'2d3307ab-6be7-4897-bf45-8c3da6eeab4b','Luna',NULL,'Sideshow By The Seashore',3,'GCmhNRqN27I',40.714269,-74.005973,'United States',0.342218,0.446154,0.643918),(504,51,3,'617a2fbd-fef9-420f-981c-bda2ca103d38','Ledisi','c55fdd07-e8ef-4c40-9faf-2cf132a62e8b','Pieces Of Me',3,'McUj4t3TkPA',29.9537,-90.0777,'United States',0.548332,0.68261,0.6209003999999999),(505,51,3,'293029f7-ac9e-4a8b-bb50-67935b373c47','Teddy Pendergrass','8403b83c-83f7-493f-b5c4-75c4436e8019','Turn Off The Lights',3,'T1uv-w5quH4',39.9523,-75.1624,'United States',0.409934,0.400208,0.5621775999999998),(506,51,1,'2db43da6-401e-4dd7-898d-8f6da60c58da','Federico Aubele','c0fcbe33-38f0-458f-b6d8-a38ce1441b31','La Esquina',4,'Q2XMM93B4nA',-34.5875,-58.6725,'Argentina',0.543361,0.528846,0.5326188),(507,51,3,'37367b2f-69e4-4df2-9e64-75ca6204764b','Steel Pulse','cad5a701-655a-4abf-ba04-ba967cb282c2','Handsworth Revolution',4,'9-UPZkPoPws',52.4813678,-1.8980725,'United Kingdom',0.677102,0.626697,0.4843365999999999),(508,51,1,'ebc78a73-2631-45ed-b6aa-22ce4367aa55','Napoleon Solo',NULL,'Ramira',4,'kIwI63JY6_o',33.4483,-112.076,'United States',0.681518,0.598894,0.464122),(509,51,3,'ffc35dde-fc40-4009-bb41-a9aedfd2a27c','ALO','5dc52a1e-9d0b-4443-aa4b-d75c26c360f2','Blew Out The Walls',4,'e_NCUJ5nPPM',37.7796,-122.42,'United States',0.720967,0.605744,0.4366727999999999),(510,51,1,'ff6e677f-91dd-4986-a174-8db0474b1799','Jack Johnson',NULL,'Better Together',4,'RfoqELZWcp8',19.41271,-154.96301,'United States',0.663096,0.345754,0.32697560000000014),(511,52,2,'efe3d002-46b7-4c66-a090-975b9cbb1947','Loquillo y Trogloditas','3f3f919a-e72f-4443-868d-fe6d5e2bf4b1','Piratas',5,'qczxmz-3p5w',39.8949,-2.98831,'Spain',0.946651,0.714026,0.5872405120710358),(512,52,2,'3cade74b-bc34-4b19-bbfe-d5655e4234e5','Veneno',NULL,'Palabras Para Julia',4,'g5ixtB-Ye4w',40.8084,-73.9469,'United States',0.8684,0.686044,0.5237881349899361),(513,52,2,'b2249169-d5f3-42a7-bf84-1f8da5a8e305','El Último Ke Zierre','8d538ce1-b484-4846-b60a-2cbca22c720d','Matarratas',2,'Fp4lSatjNS4',40.2512,-0.1655,'Spain',0.768132,0.639287,0.44630878244296784),(514,52,3,'463f056c-56bf-429d-b3a3-f8fe467c427d','Death in June','d84c5ece-5e79-4cf3-8dcc-1dd64ef2ce5b','Hollows Of Devotion',3,'0rlghYsHnVc',54,-2,'United Kingdom',0.462913,0.436353,0.23172938406213328),(515,52,2,'b185451a-9edd-46df-8046-1db7e9594f5a','Vetusta Morla','1b6a7ffb-72bb-438f-9801-d5f96bdab743','Maldita Dulzura',3,'m6Gnr8nrKx4',40.4203,-3.70577,'Spain',0.488186,0.515705,0.22754455045768987),(516,52,3,'a261c608-3140-4918-805a-7a318b5b2c2b','Jessamine','ddc5bf7a-8839-41af-87d6-3c219f0b4a95','Cellophane',4,'iBkr8w-ME7c',40.7339,-82.7893,'United States',0.36825,0.32554,0.181980187732931),(517,52,3,'79d1099d-8cb1-41a7-8661-185ef6b1c3e2','Don Moen','33f757b6-afe2-4a1b-b1b1-9ae1eac36d8b','Mi Corazon',4,'U-Iu-QzbdbI',46.4423,-93.3659,'United States',0.41,0.538131,0.14646136357250844),(518,52,3,'047c3516-b60d-4a49-9d99-99ded321e039','Mountaineers','c9952e8e-878c-415c-857a-2cb0c44af5c5','All My Life',3,'jvHuAeLO8c8',-32.9281,151.772,'Australia',0.434085,0.613261,0.1426458959771127),(519,52,3,'abf74786-2f3e-47e0-ae68-69a55c13909a','Mojave 3','b4fc9132-b87e-482f-8206-b61f108fd0e2','Any Day Will Be Fine',4,'ZkujftuACo0',51.4524,-0.99603,'United Kingdom',0.467783,0.733025,0.13216673869946685),(520,52,2,'ee74192c-d21f-4de7-83e5-eed93e07ac07','El Canto del Loco','bfbe1a3a-5e53-4a74-906d-8dd287879ad0','Peter Pan',5,'rCxLx_3T5GE',40.6,-3.5,'Spain',0.444522,0.681136,0.1285969048909802),(521,53,2,'81c57018-28ea-4c19-b3f5-116a035da9c6','The Age of Rockets','4b750f0f-ac1a-4221-ac2f-97441e0c5a8b','Avada Kedavra',4,'1wqrvqMAmRU',40.7146,-74.0071,'United States',0.127865,0.684181,1.1082166),(522,53,2,'74522ae6-9ddd-4a88-a821-fa5e702bfdab','Kenickie','84d05b7c-61cc-4229-8e8c-314f2a286256','I Never Complain',2,'WrNmIUkTioA',54.9001,-1.40848,'United Kingdom',0.216396,0.675933,1.032443),(523,53,2,'253dd954-1cd4-4198-9efa-81310ce5ad1b','Mysteria',NULL,'Sky Chill',4,'4hTzUO-Kvjk',60.1712,24.9326,'Finland',0.202992,0.60138,0.9984344),(524,53,3,'9f033b2f-3eb1-4f6e-90e2-ddfd694dbde8','Quadro Nuevo','cd8e471f-5da3-4c3f-b7ec-ae52161c1d5f','Miserlou',2,'V4n2lE6ll5I',48.1364,11.5775,'Germany',0.195555,0.481588,0.9325088),(525,53,3,'2f4bf325-2bbb-4d5f-8681-b0fef130bff0','Popol Vuh','53f8d974-f61a-4bfd-a4b7-13754ae01ccb','Kyrie',3,'dDjWtN4djvs',48.15,11.5833333,'Germany',0.066988,0.243966,0.8927892000000001),(526,53,2,'697f8b9f-0454-40f2-bba2-58f35668cdbe','Ravi Shankar','d13fea62-728b-4254-9447-c39a0495d44f','Vandanaa Trayee',4,'w74ftXbQqo4',25.333333,83,'India',0.039601,0.144235,0.8548602),(527,53,3,'02349767-d5ac-4528-892d-17b6d40107a1','Anita Baker',NULL,'Giving You The Best That I Got [Single Version]',4,'LifH6Ra_YAQ',42.3317,-83.0479,'United States',0.378271,0.537223,0.819717),(528,53,2,'2913055b-380d-4a1f-8709-6dff60405acf','Brian Crain','4a2925f9-38a2-48ca-8b2f-a256430ea9f4','Dream of Flying',5,'updsn2T9Rjk',33.973951,-118.248405,'United States',0.070841,0.098024,0.8021415999999999),(529,53,2,'af18a9bc-e4ab-4068-9489-b64e8186fcf1','Pete Seeger','5453d4c5-f84d-4c0a-818f-1c371a134434','Where Have All the Flowers Gone',4,'1y2SIIeqy34',41.485285,-73.595066,'United States',0.456458,0.267283,0.5952034),(530,53,3,'2b0da5c2-f583-42a5-9c75-9b58f1d6dd29','Pekka Streng','38f4bb30-1daf-430b-b07a-ccb40c021253','Perhonen',3,'eUcclNSGfJo',61.5018,25.6821,'Finland',0.760786,0.64402,0.5777831999999999),(531,54,3,'34e1542c-ad28-42c1-9438-724b324f66a4','Sin Bandera','b209e767-4be6-409f-a032-57506cb24277','Pero No',3,'_PY0y9whmKs',19.4319,-99.1329,'Mexico',0.194042,0.512421,0.8395154803926383),(532,54,3,'70ea63ea-70dc-4b63-951a-2c249d2b3b0a','Ricky Martin','8d68660c-bc17-46e9-a62c-a0b007b4c39f','Tal Vez',4,'J9cXhy_daSs',18.4662,-66.1067,'Puerto Rico',0.190031,0.603017,0.8214339644749296),(533,54,3,'6100e9f6-4316-4553-8f23-80466e253fc5','Camila','daecbcc2-8808-4e05-887e-05e59920479b','Perdón',3,'uYDOuUbsvj8',19.4319,-99.1329,'Mexico',0.204523,0.55386,0.8192969830827346),(534,54,1,'1b98a682-db60-42de-a6c0-5519cf8c3108','Rayden',NULL,'Finisterre',4,'wR_vYKXIggY',43.0175,-4.26324,'Spain',0.302766,0.699333,0.6887048884600463),(535,54,3,'90270118-8ed0-4446-bf97-8a09b3f9e8f3','Luis Miguel','9ef9c5f9-ad94-4614-b376-5818a5bdb049','Hasta Que Me Olvides',3,'mjCzD11RJmM',18.4662,-66.1067,'Puerto Rico',0.426423,0.592616,0.5946226516165773),(536,54,1,'216c1795-854b-465d-8cb1-161fe3a21749','Nosferatu',NULL,'Crysania',3,'7HV4x5ONr88',54,-2,'United Kingdom',0.468434,0.728287,0.5209609442586675),(537,54,1,'136986bb-6e39-4e79-9945-cf9aa37a4a0b','Phonte','e15fd630-f247-4675-aae1-5d3cc8e28f8e','The Good Fight',5,'HH9vR_iJOqU',36.069,-79.7947,'United States',0.487139,0.691545,0.5117256727285339),(538,54,1,'b57db116-5947-462e-aa7b-3dd1ecb5be45','Necro',NULL,'Beautiful Music for You to Die To',4,'0s1KMCPJlRE',40.694481,-73.989319,'United States',0.648207,0.523304,0.3962711966068633),(539,54,1,'2deb0058-8571-4f57-8470-1e63cdc9ef98','Cosculluela',NULL,'Viviendo featuring Oneill',4,'9Kvhq7-vdaA',18.25,-66.5,'Puerto Rico',0.879577,0.650733,0.140903254185483),(540,54,3,'8b0f05ce-354e-4121-9e0b-8b4732ea844f','Juanes','8a59a2e6-76ac-4d7f-be09-54077e700c4e','La Camisa Negra',5,'kRt2sRyup6A',6.23651,-75.5903,'Colombia',0.969267,0.71,0.03951681445841966),(541,55,3,'c842d29f-a297-48cd-bb71-4f77fd672b16','T. Rex','978ce65c-95af-4112-b26e-65e00919084a','20th Century Boy',5,'kKTc4Nk5bsw',51.5063,-0.12714,'United Kingdom',0.616779,0.809758,0.8280896433955018),(542,55,3,'3102dd70-30c8-4025-b6a8-cd664132e5bb','Shadowplay','6c5ef704-8455-49c2-a2b1-ef22b2b84ada','Fucked-Up-Tight',0,'CiUfPKrbv-A',-24.4378,121.079,'Australia',0.513861,0.895361,0.8237615909566512),(543,55,2,'8008b8a9-858b-4df2-b645-6d7983556485','The Gothic Archies','e57169f8-b163-47ae-ae62-0cf8c3fdf5b9','Crows',5,'AWgssRWMD6o',40.7146,-74.0071,'United States',0.251533,0.583467,0.41636238570650413),(544,55,2,'56d9908f-548e-40c1-837f-cd006d79d3a0','Lee Hazlewood','c4bf8fe7-f26f-4044-9712-4072578beb38','The Night Before',4,'WwE5hUx2lMs',36.1269,-96.3603,'United States',0.457559,0.370638,0.39402149780464035),(545,55,3,'da7bb7d8-557d-4635-9ca1-e6e985525bd5','Randy Newman','4f4a93e3-2f7b-4734-b7fb-e4a2aeabb0ac','You\'ve Got A Friend In Me',4,'gV2dA9ZSGEk',33.973951,-118.248405,'United States',0.498535,0.323844,0.3862395419989024),(546,55,2,'e9c8cad5-d9e2-4e64-9b4f-44cb5bc80701','Víctor Manuel','beda7e86-50ec-43ef-85d6-254fe6b8becd','Solo Pienso en Ti',5,'zefiRO3dZuU',39.8949,-2.98831,'Spain',0.336308,0.451819,0.3742139684719035),(547,55,3,'ca7ac964-08a1-4c74-99b3-ed434282cc7e','Scott Bradley',NULL,'TV of Tomorrow',5,'c58s07ZoJcc',35.2783,-93.1348,'United States',0.281877,0.353425,0.2644991375214984),(548,55,3,'d52ac009-4ed5-4d01-97d5-8280bb7dd460','Nino Rota','698f07cf-4a50-41d7-8301-1733ba484b84','The Baptism',1,'EUYeIHOHO6Y',45.4689,9.18103,'Italy',0.090146,0.470957,0.22507448916389491),(549,55,3,'ca0489a4-3a7b-4def-b66e-e00b2f579ae0','Daniel Lanois','ed02240a-1b93-4dc8-b528-8e7b7887f489','Panorama',1,'3szJIkmzpMM',43.225,-79.98,'Canada',0.051206,0.408697,0.1526643760314917),(550,55,2,'fd64e185-9973-44d5-ad09-5d5562804292','Abdullah Ibrahim','6b31ad15-44fe-4616-aedf-fb77b2106338','The Wedding',3,'HlEjCOGlwiY',-33.9166667,18.4166667,'South Africa',0.111064,0.277304,0.09416193204279624),(551,56,3,'5f9eda21-2257-47e0-813d-4592acfe008b','Evelyn Evelyn','e19eeb9f-e1a7-486b-b5ef-918e700c75d8','Elephant Elephant',4,'o7vZqpsJQo0',46.0704,-118.342,'United States',0.61261,0.180612,0.8368205344049131),(552,56,3,'a9965383-6bdd-49a3-a4bb-4f8008b9d80e','Stephen Lynch','9c2ea20e-8847-412d-9d55-c8b07970b5ed','Tattoo',3,'xwAiFWCiOH8',40.714269,-74.005973,'United States',0.521657,0.364049,0.633746099418958),(553,56,2,'6f28b158-4d1a-4f31-9339-7f381e3c4ee1','Los Planetas','1a6dc811-243f-424b-93c1-7c67e445ff1b','Pesadilla En El Parque De Atracciones',4,'3ODJf2yNEd8',37.1704,-3.60542,'Spain',0.817931,0.809589,0.4274915657969277),(554,56,2,'9d007d18-4a16-4f11-8704-1c3c201062f9','Mazoni','b21bf7f5-0129-48e3-9c7b-a58484cb2c0a','Ei, que surt el sol!',4,'WjqQZDLR7Qw',41.963,3.036,'Spain',0.605705,0.731403,0.37477369720884435),(555,56,2,'d15cec08-75e3-41c3-a55c-91abc3c1ca65','Skimo','98fa29af-9f4e-48c3-b4a2-94601dd675fd','Déjame',3,'XQRwTMBK4V8',45.7594,4.82898,'France',0.463607,0.662288,0.3534229392249716),(556,56,3,'415e30a0-116b-4a4f-8cbf-8d0f6406bbab','CHESTER BENNINGTON',NULL,'It Goes Through',5,'lTxqOZZ5Wl0',33.4483,-112.076,'United States',0.544585,0.839029,0.25132222042071106),(557,56,2,'e635846c-fcab-479f-8740-8cfdb19938ba','Lagartija Nick','5aa6a51e-83ea-4ec2-b16a-4167ac2c196f','Carmen Celeste',3,'6UASAj0ZtTQ',37.1704,-3.60542,'Spain',0.424233,0.862766,0.16479249949735583),(558,56,3,'448579df-6b71-4c98-a8ba-5f8be40f2b90','Disturbed',NULL,'The Night',3,'VyctTU_0FiM',41.850033,-87.650052,'United States',0.579156,0.975999,0.15655700214649698),(559,56,2,'bcefaff9-2007-4378-95bd-d5bd64433761','Mandalas',NULL,'Goldsand Reprise',4,'l1ajNv4Nhvc',41.3856,2.16874,'Spain',0.360176,0.853119,0.13727332645357493),(560,56,3,'261b028a-d4dd-4992-87ec-cdc72ccb52a2','Drowning Pool',NULL,'Sinner',3,'QiKK7ULsqXk',32.7781,-96.7954,'United States',0.504211,0.954342,0.13298754985884387),(561,57,4,'6f2f87e7-3ce9-4f1c-81dd-6f068a78cf26','The Microphones','c8447684-fef7-44c2-be33-f2a36cefc1c8','Florida Beach',1,'hRZ1S0Y-SGY',46.984767,-122.869079,'United States',0.100264,0.785669,0.9248550355604226),(562,57,4,'43e5a08f-800c-450f-9142-5ebe7052b8b4','We All Have Hooks for Hands','a253b0d1-7221-4d5d-839a-a7263c05bca2','Hold on, C\'mon',3,'9T4wQJXdH30',43.5453,-96.7313,'United States',0.323719,0.966854,0.6641280259682395),(563,57,4,'1fc494a1-9109-4081-a455-2d05bea9d2bf','Ingrid Michaelson','2116c4f6-d9be-4e22-8421-d6505a6cbcb0','Blood Brothers',5,'JHVLpTyGgt0',40.623632,-74.093323,'United States',0.406707,0.806201,0.6225819159351408),(564,57,2,'c0f286bf-b427-4a0e-b5f5-f46ae900a486','Yesterdays New Quintet',NULL,'Life\'s Angles',4,'4zqZHGljpaY',34.0535,-118.245,'United States',0.512552,0.894971,0.4983672955727827),(565,57,2,'b25d1d2d-5668-4ca5-b388-45f9f9836111','Khaled',NULL,'Aïcha',4,'RvK19xgAxSU',35.6911111,-0.6416667,'Algeria',0.572625,0.818656,0.4585970313861999),(566,57,2,'ceaf841a-60e9-4391-9e26-88b853cd4658','Material','6edc77d3-ac75-47e1-bcc0-da275d7aeed2','Bustin\' Out',3,'-T6yhQPe2VE',40.7146,-74.0071,'United States',0.583751,0.903913,0.4271253661458604),(567,57,2,'e5257dc5-1edd-4fca-b7e6-1158e00522c8','The Jacksons',NULL,'Enjoy Yourself',4,'4WILbxhnlSQ',41.590686,-87.319937,'United States',0.800401,0.781043,0.24674434573758844),(568,57,4,'9f350578-acdd-480e-8273-5eaf88842f1c','Walter Schreifels','b35d853d-53d1-4d61-99ea-0d4a5dba5fc8','Don\'t Gotta Prove It',2,'Y7EtZlFgnsI',42.693,-73.3727,'United States',0.872475,0.76576,0.1805289671395441),(569,57,4,'8ac5bea6-3a62-4e28-9df7-03f24d4c06fc','Desmond Dekker','24ffc258-0e70-4564-be45-b74fb12826c2','Israelites',3,'83Y2hv-3UCM',18.0157,-76.7973,'Jamaica',0.960518,0.819442,0.08209491357604827),(570,57,2,'8d50cd20-34f2-4abe-ba16-0759ee0fb9f5','Sharon Jones and the Dap-Kings','52f625e8-970e-474c-86f2-31b453abbced','How Long Do I Have To Wait For You?',3,'4HXb01uHWPo',40.714269,-74.005973,'United States',0.971111,0.922224,0.046889897459524314),(571,58,1,'f1eed144-da46-4bae-a9ca-48208e051024','The Mercury Program','17b5736f-08ed-4579-8adc-833a9f8e3e79','You Yourself are Too Serious',4,'5gAERPFDlsc',29.652,-82.3232,'United States',0.77023,0.68214,0.6655441414790925),(572,58,1,'eb7a42aa-36d2-4dc2-9cc2-d083a13e1788','Mason Jennings','d7724b32-fb29-4ac0-b3a2-69ee06badd5a','I Love You And Buddha Too',3,'vbSOPuN7OhE',44.979,-93.2649,'United States',0.855517,0.63144,0.6539253401873684),(573,58,1,'2d3307ab-6be7-4897-bf45-8c3da6eeab4b','Luna',NULL,'This Time Around',3,'PLAW7Zm-2s4',40.714269,-74.005973,'United States',0.712676,0.648549,0.6114445168849316),(574,58,3,'9960700d-2017-40bd-b2d4-1d365d668c81','Brett Dennen','f8b56079-88d3-495b-9635-e70f42d29d0d','Sweet Persuasion',4,'J6UEExz7cbI',37.839643,-120.698578,'United States',0.922008,0.540789,0.5981643820688848),(575,58,3,'9d97b077-b28d-4ba8-a3d9-c71926e3b2b6','Gordon Lightfoot','d0dcb5bd-5cb6-4f9c-b57d-12aa286b102a','High And Dry',4,'RxruwoTPzdE',44.6,-79.416667,'Canada',0.94726,0.466655,0.5407151650253084),(576,58,3,'b52211f1-49a2-4cd2-8535-dd1ba37ea90b','Cowboy Junkies','7e9ba46d-4233-4919-bb2a-cfa1eb1fec33','A Horse In The Country',3,'8RJWI1MEkiE',43.6486,-79.3853,'Canada',0.769879,0.493716,0.49327415330882285),(577,58,3,'dc4a18b3-2ace-4268-a21a-7d5ce2de48a1','Lulacruza','b328ca5d-1e63-41dc-abbb-b84f5d753c04','Pensar Bonito',4,'109koV6KFXs',4.65637,-74.1178,'Colombia',0.734326,0.471812,0.45880108743383263),(578,58,1,'b185451a-9edd-46df-8046-1db7e9594f5a','Vetusta Morla',NULL,'Sálvese Quien Pueda - Comentario',5,'lc_00x0qRa4',40.4203,-3.70577,'Spain',0.758197,0.296207,0.3080952905033621),(579,58,3,'ddcfbdcf-cf8d-4776-8a69-10f39376b5a2','Lead Belly','4d972471-3cd0-4b74-9856-3e09f6ab05e1','The Bourgeois Blues',5,'i7__s-NZ5aI',32.6869,-93.9584,'United States',0.815356,0.073467,0.12787330798797947),(580,58,1,'5c210861-2ce2-4be3-9307-bbcfc361cc01','Pennywise','f06ccf7a-a0ec-4e18-9972-a15028c7b0fd','Bro Hymn',2,'sjHYAVeFwGw',33.864,-118.395,'United States',0.966233,0.001925,0.12389822188932949),(581,59,2,'a6dc07a3-c9a5-45cb-a9a6-8a72128c0e6d','The Guild League','33ceedef-4f83-4bb1-9264-583d5a79880e','Animals',5,'PIad8zG3Gtk',-37.8175,144.967,'Australia',0.327969,0.437534,0.6849505540133536),(582,59,2,'20a52db0-a6e3-4980-8c6f-709648ed7f78','Leaf',NULL,'How About This Life',5,'9vmcLf3qXpQ',29.7605,-95.3698,'United States',0.467306,0.640734,0.6511975551065899),(583,59,2,'cdcc016c-2813-4fc7-8376-391acb19ba0b','The Association',NULL,'Never My Love',4,'2kuQ3Ei3IBg',37.2719,-119.27,'United States',0.417597,0.493701,0.6299034797568592),(584,59,3,'49c48b7f-1ff1-4f02-a1aa-ca1254b46ef2','Harry Belafonte','7d99e475-c13f-47c6-a8c5-dd11e057865d','Day-O (Banana Boat Song)',4,'6Tou8-Cz8is',40.8084,-73.9469,'United States',0.417927,0.320225,0.5520274930908785),(585,59,2,'4387b544-e4d0-4f18-b74e-d4a5ba1582ab','Traveling Wilburys','af2e4d8d-4c39-4cd0-95b3-4d5ac46e507d','You Took My Breath Away',5,'hSgHPDIXB-0',34.039034,-118.707992,'United States',0.620311,0.688869,0.5358723491670381),(586,59,3,'a8540ea0-1a74-4c22-8b70-1348a77a74a0','The Shirelles','0ca12a54-b5b1-4029-b4eb-4824eb210845','Will You Love Me Tomorrow',4,'cnPlJxet_ac',40.855103,-74.126916,'United States',0.498938,0.440678,0.5334372711395409),(587,59,3,'169153fd-ba80-401a-8ccd-2825efaf9155','Ray Barretto','a9627808-fd54-42b3-9d25-54eff54ae835','El Watusi',3,'3uZx9KnlTyg',40.7146,-74.0071,'United States',0.680428,0.44403,0.3726067402170819),(588,59,3,'fc9ec2b3-b44a-4dad-8bc3-ff3738ee02ae','Herman\'s Hermits',NULL,'Silhouettes',2,'V2gVH8ggCHU',53.5,-2.216667,'United Kingdom',0.807594,0.652197,0.35196112458082635),(589,59,3,'a7290418-82e2-4016-abf4-3fd3e7db926f','Fatback Band','e1ac7669-a435-4662-a45d-0ee64539beef','King Tim III (Personality Jock)',3,'ojQqAnlrW_M',40.7146,-74.0071,'United States',0.786207,0.519499,0.3117458892190882),(590,59,2,'ac8a45f8-5520-4463-9fda-f63f8844cb50','The Nitty Gritty Dirt Band','f24d9ed2-6f68-4a09-8e40-945681139185','Fishin\' In The Dark',5,'ppC5bfJduhE',33.7667,-118.192,'United States',0.883594,0.316947,0.1340563001734719),(591,60,2,'1081120d-2be5-4145-9704-4477d855f90c','The Incredible Moses Leroy','cc19213d-a055-4d1c-8a1d-58d8c56f7b3e','FUZZY',5,'w0uz5QF4_KQ',32.2215,-110.97,'United States',0.885601,0.200271,0.7947789389322324),(592,60,2,'667e856e-f3a7-42e9-8244-95422ef31321','The Breeders','07968da2-ee6b-490a-b430-570e235c739d','Fortunately Gone',4,'bHa6ifmi_Ao',42.370567,-71.026964,'United States',0.74822,0.390066,0.6582814905296468),(593,60,3,'102045e3-577c-4b10-b01b-424b7e461094','Roger Miller',NULL,'Kansas City Star',4,'NBeXnzjvMrk',32.775409,-97.435599,'United States',0.910752,0.444658,0.5550117189328516),(594,60,3,'26dc1641-9e83-46bb-ba77-bf331ca41bfb','Wes',NULL,'Mawaza',2,'GObJugOgB90',41.8842,-87.6324,'United States',0.67358,0.633133,0.4513797518414107),(595,60,2,'eec43ebc-815a-4105-b1cb-205b8f57b4fa','The Beautiful South','52238e9e-f1b0-44df-ba1a-5c31dcf07fc7','From Under The Covers',5,'e-aWjD5gea4',53.716667,-0.333333,'United Kingdom',0.727043,0.624163,0.4429508303014668),(596,60,2,'0a362a52-39f1-42b2-bb17-1618c71d229f','Blake Babies','fd75005e-e857-415a-bb7e-117215baac87','Out There',3,'LfENQcWX35Q',42.3586,-71.0567,'United States',0.74272,0.691433,0.3741792538400867),(597,60,3,'a449973b-074b-4cf0-a4d6-f11fa2d1073f','E-40','f69a85ff-26c2-4b24-a46d-4f8d3d8a6a28','I\'m Laced',1,'FPXRGVUHNus',38.244889,-122.135862,'United States',0.677171,0.751156,0.33829809458209104),(598,60,2,'af37c51c-0790-4a29-b995-456f98a6b8c9','Vampire Weekend','5b4530ed-4a5f-4b61-aa67-801cb5303f4e','Unbelievers',5,'oIcjA5ykloI',40.714269,-74.005973,'United States',0.837456,0.810545,0.2311902424291954),(599,60,2,'0584e561-1442-46c9-9593-923c34571eb7','Robyn Hitchcock',NULL,'Your Head Here',3,'FAj6QpUYaXw',51.5072648,-0.1278328,'United Kingdom',0.814934,0.882789,0.16980218081452117),(600,60,3,'24d2505b-388c-46cc-8a64-48223ea6d78d','Take That','6230d570-4894-4eb0-bdae-27a9f1769c2f','SOS',2,'tMjjnUHl0Vw',53.5,-2.216667,'United Kingdom',0.720565,0.927605,0.157190297022878),(601,61,1,'28868947-1ff6-4021-8e84-a44ef80fb211','Mance Lipscomb','fa3249e5-7a1b-4158-9da0-5d0763f117f2','Sugar Babe',4,'7wB7SLxBxy8',30.3881,-96.0878,'United States',0.487688,0.284564,0.6882510403406887),(602,61,5,'692607f1-f4e5-4c38-9a9b-be46485abb83','Milladoiro',NULL,'Quen Poidera Namora-la',2,'cHNq9VCCOTE',39.8949,-2.98831,'Spain',0.333069,0.427722,0.6840289830232853),(603,61,1,'9b7b8b54-c989-4acf-9552-1f1f6e815cde','The Treniers','1ab5ace2-1d57-4914-b803-fd30c4a9d439','Get out of the Car',5,'MbNAFJPVaYk',37.1679,-95.845,'United States',0.626509,0.171888,0.6801941447580157),(604,61,1,'e148154d-e1fb-4da4-8db2-d54bf9a894b8','Jesse Fuller','50322ce5-71fa-41e5-85f9-8051788ca697','Jesse\'s New Midnight Special',4,'73u4RVx8h9k',33.522,-84.3541,'United States',0.639841,0.260774,0.6049148083992837),(605,61,3,'6285a40e-f315-4e03-a991-607af695b12c','Berrogüetto','e157a63c-d254-4047-abe9-8ed8a245069e','O Sacauntos',2,'wElfiRZaIII',39.8949,-2.98831,'Spain',0.415008,0.537659,0.5474266684378978),(606,61,1,'2ce02909-598b-44ef-a456-151ba0a3bd70','Ray Charles',NULL,'Let the Good Times Roll',5,'Lk4iOmb-osk',30.441092,-83.516133,'United States',0.614216,0.504916,0.43951014624349594),(607,61,1,'8f852f3d-7ebd-4177-9a06-dbde10533563','Wynonie Harris',NULL,'Who Threw the Whiskey in the Well?',5,'U_3NcpYDu4o',41.291736,-96.171104,'United States',0.764758,0.44284,0.385853501874157),(608,61,3,'0c2e46e4-320e-4ad3-b499-c528d6191a0d','Tom Mabe','cd5adade-6a9c-4e27-b3e2-2879b44fb7e5','Crime And The Carpet Cleaner',0,'i_CVqCfRUBA',37.1679,-95.845,'United States',0.664769,0.55557,0.3680642662460812),(609,61,1,'00daff08-6cd1-4f91-b1ec-2f8ce8603442','David Bromberg','1594439b-6c3f-4f94-a212-aed13abd529c','The New Lee Highway Blues',4,'XHhwLHC2xYc',39.9523,-75.1624,'United States',0.49257,0.709416,0.3675384383418711),(610,61,3,'279c3bd0-8bd5-4a69-8ccd-cf371108271b','Mercedes Peón','3471cf7a-bd41-4121-92d1-7ffbc6e43b4c','Non Me Mires',2,'dit29Dw29OQ',43.2155,-8.18789,'Spain',0.694131,0.539496,0.36056297476193355),(611,62,4,'0182474b-8a1d-46d0-9d0f-e6df353335ea','Perry Como','3c9c528e-ba05-45e0-b15c-abeecc8a53e2','Glendora',2,'wH9ihA889TQ',40.26257,-80.18728,'United States',0.853887,0.41276,0.6128850903808448),(612,62,2,'122d63fc-8671-43e4-9752-34e846d62a9c','Katy Perry','9846e3f4-7bb9-49be-8e91-837a5ee5cefb','Firework',2,'QGJuMBdaqIw',33.973951,-118.248405,'United States',0.750417,0.460574,0.5271132311102155),(613,62,2,'7944ed53-2a58-4035-9b93-140a71e41c34','Sting',NULL,'Love Is The Seventh Wave',3,'uXZistami3c',54.9911912,-1.5342042,'United Kingdom',0.832779,0.616479,0.41819867928413096),(614,62,4,'e2137e49-1cfa-4321-8dca-aef01cb8101e','Blaque','5e592ff8-6586-48d5-8041-476299ac6b67','Bring It All To Me',1,'o10awxnXjRs',33.7483,-84.3911,'United States',0.735889,0.579344,0.41270542737387644),(615,62,4,'d1b7d13a-1f1e-4855-92c4-10c31ebfedeb','Menswear','99d12151-1275-4d26-b1bb-69a1b7c0da61','Daydreamer',2,'tmBoEUG4-aM',51.5063,-0.12714,'United Kingdom',0.875339,0.732929,0.32913455457542484),(616,62,4,'1b55a2b3-c369-42fa-a679-d263765ef878','Peter Wolf',NULL,'COME AS YOU ARE',3,'HwOzeaL08Gg',52.2097,0.11142,'United Kingdom',0.76533,0.741458,0.27658976042753736),(617,62,2,'0ab49580-c84f-44d4-875f-d83760ea2cfe','Maroon 5','7dea1721-618b-4b6f-b425-59dc7c41382e','Sunday Morning',2,'S2Cti12XBw4',33.973951,-118.248405,'United States',0.81914,0.771218,0.2712944965700833),(618,62,4,'318d3337-7ca5-49af-aa94-d95934717858','Altered Images',NULL,'Don\'t Talk To Me About Love',3,'t_GIAgQG2n4',55.861147,-4.2499891,'United Kingdom',0.732643,0.746862,0.25835554431584673),(619,62,2,'127f591a-7e27-4435-92db-0780f219f3a1','The B-52\'s','9ab3d99a-e8a9-4cb6-81b5-96f203a5ee8a','Party Out Of Bounds',2,'MNX1knUjZl4',33.9581,-83.3733,'United States',0.714199,0.850979,0.15574030851266396),(620,62,2,'fd90af91-ed07-4e85-8816-26c954fe5286','Lillix','af65aeb1-51a1-4e7f-a381-78c599701876','What I Like About You',4,'QxTxFjuOj3M',49.5135,-115.769,'Canada',0.776401,0.919067,0.1188460393709933),(621,63,3,'692607f1-f4e5-4c38-9a9b-be46485abb83','Milladoiro','88219fc6-f056-4b2a-9979-d180766c7036','Ila vai o mar',3,'P_PklT0dJG4',39.8949,-2.98831,'Spain',0.371838,0.223029,0.7494436937332263),(622,63,2,'9ddd7abc-9e1b-471d-8031-583bc6bc8be9','Pyotr Ilyich Tchaikovsky','a37e9183-5fa7-4f10-a46c-5af095ad1c57','Marche Slave',4,'z-_rWP1D1zM',57.0513,53.9858,'Russia',0.386345,0.36817,0.6163204735254044),(623,63,2,'4a00ec9d-c635-463a-8cd4-eb61725f0c60','Deadmau5','825f33f8-2e06-432a-ba6b-77167c6fb732','I Remember',4,'8X5_XxIU54k',43.6486,-79.3853,'Canada',0.589526,0.514731,0.5414602402788857),(624,63,3,'797133fa-6a04-4c67-bab8-377ae1e88573','Ghetonia',NULL,'Agapimu fidela protini\'',1,'abCf9OHTAmA',42.5038,12.5735,'Italy',0.459404,0.506302,0.5083463407181985),(625,63,3,'279c3bd0-8bd5-4a69-8ccd-cf371108271b','Mercedes Peón','f51a0ddd-cf61-4788-a875-67300a82d182','Ingrávida',1,'YtuqWdHVgjE',43.2155,-8.18789,'Spain',0.431242,0.53728,0.4700575016102294),(626,63,2,'4ec9883f-f359-4b41-bcf9-4d92e97f2f20','Joker',NULL,'Psychedelic Runway',2,'7Oqm0iQtXz0',51.4537,-2.59156,'United Kingdom',0.447217,0.584128,0.4306563349432788),(627,63,2,'4ecbffba-6a34-4776-8eb3-85287136c338','Steve Fee','3037ca6a-de3e-444c-a256-34113c8217c5','We Crown You',1,'uldpE2AuPsk',34.0754,-84.2945,'United States',0.465765,0.710839,0.3162958218709069),(628,63,3,'0b7e2e68-31bf-4741-8d98-e494a8a8a107','Charlie Hall',NULL,'The Solid Rock (On Christ The Solid Rock)',1,'roQQeGn-GIc',35.472,-97.5203,'United States',0.457734,0.833152,0.19771058288573276),(629,63,3,'82b4ee3e-fb63-41df-ace3-e17b895c6dd5','Levi Kreis','b25b649c-c103-4c9f-95e8-1b08cc746848','U Found Me',1,'SGTjnM8qrGM',36.0362,-84.333,'United States',0.643987,0.944613,0.15080417700596602),(630,63,2,'88c68a48-dab0-4cb4-94f9-b94171b67a3b','El-B',NULL,'Dirty Dirty (feat. Rolla)',4,'g44QJOKORCA',40.7146,-74.0071,'United States',0.443149,0.911605,0.11866806162353047),(631,64,1,'548cc90c-0c64-4fa1-9891-cceda08692e9','Alix Olson',NULL,'Women Are Different',1,'vZ7N-_6A2Qg',40.6563,-75.3329,'United States',0.571444,0.426469,0.8096195867890673),(632,64,3,'7d40d33b-35e7-422e-b688-ed61726df745','Army of the Pharaohs','9b0d8080-999a-4720-91dd-7c285af0d44b','Tear It Down',3,'r8etXKtuYKs',39.9523,-75.1624,'United States',0.88199,0.758394,0.7945023509140801),(633,64,3,'171214bc-9310-460a-bd68-63f608f4781b','Onyx',NULL,'Throw Ya Gunz',5,'mQmfzGf9904',40.6775,-73.7875,'United States',0.697543,0.587405,0.7849861078528715),(634,64,3,'9ed0f279-c0a1-4e9b-92a0-e037b5537d8d','Reveille',NULL,'Butterfly',5,'Ejoa7Q7I9XI',42.3742,-71.1169,'United States',0.653063,0.568078,0.7672002509856863),(635,64,1,'617cc369-0e4d-4f3e-a084-34d204d87c85','Foamy the Squirrel',NULL,'Medicinal Mochachino',0,'PIHlplOampA',40.7146,-74.0071,'United States',0.562107,0.539029,0.7234253914827706),(636,64,3,'a4dd0e77-83b8-4e92-89b7-effb0e47fd8c','LL Cool J','a748f016-473f-4e91-a158-f689bb627359','Loungin (Who Do Ya Luv)',3,'AQSv4Wa-HnI',40.7202,-73.2492,'United States',0.491213,0.561663,0.6572911084519552),(637,64,1,'eca1f8ea-52af-4e33-959a-12a59e12adab','The Simpsons','c517c14c-4ed4-4310-ab38-11fbc28d72a9','Look At All Those Idiots',5,'ZwqA_OMaUes',51.1642,10.4542,'Germany',0.619609,0.720281,0.6359209273109355),(638,64,3,'ff7466a5-c538-4d2b-8450-54f11b20f2f4','Boogie Down Productions','751d5c1e-a52c-439b-8bde-3a60446f561d','Jack of Spades',4,'vPGKrey4q2c',40.8572,-73.8568,'United States',0.543596,0.687793,0.6051441046597908),(639,64,1,'47a40555-4df7-41f5-a4a5-6033b198a3e3','Reincidentes','242a4f92-0b93-45ba-a45a-f6c20fce7efc','La Republicana',5,'WhlrD2nkO6w',37.3877,-6.00181,'Spain',0.684684,0.941894,0.5252318459975555),(640,64,3,'5c2db8af-2f34-4668-bd4b-607695d59723','Кирпичи',NULL,'Summertime',3,'2HeMgB2Kakg',59.9327,30.3067,'Russia',0.495541,0.917363,0.4088335845328756),(641,65,3,'44a7f7d5-79df-4f44-8f5e-02dfc0626904','Gipsy Kings','e2c4f2ff-7ea6-41f4-bbe6-16c844e1fdd4','Moorea',5,'1PJRBOUrWAc',43.666667,4.633333,'France',0.733916,0.734729,0.7794295807475605),(642,65,2,'a64ccd0f-e26c-4c0a-bb91-5d9ad1a2dc84','Richard Elliot','44be1b44-0060-414a-8f18-05f62db6284d','In The Groove',4,'bGYyBrNrvyA',33.973951,-118.248405,'United States',0.751693,0.718657,0.7575156735451644),(643,65,3,'7fcbcd27-33bc-4c40-bb45-5e3927004fac','Luar na Lubre',NULL,'Cantigas de Alfonso X',5,'gmp_Jqn4dJA',43.3666667,-8.3833333,'Spain',0.77247,0.65097,0.6872305018832844),(644,65,2,'02349767-d5ac-4528-892d-17b6d40107a1','Anita Baker','881e05a9-468b-4a5b-adef-0cd1cfcaa949','Fairy Tales',3,'A7vrDThlryU',42.3317,-83.0479,'United States',0.706395,0.619781,0.6856194357655389),(645,65,2,'bfb665cf-1701-4e26-8e46-551b9da1ee7d','Arild Andersen','be388974-41e1-461d-97a1-55e7db9375df','Gardsguten',5,NULL,59.957,11.0483,'Norway',0.67058,0.548265,0.6348589896075576),(646,65,4,'a5ee1ebe-a645-45d2-8319-d101fe62e581','Biosphere',NULL,'Fall In Fall Out',1,'_iG176lfyJ0',69.666667,18.966667,'Norway',0.822913,0.451959,0.484910935768321),(647,65,2,'7b353d3c-2bd9-40e3-a21d-b7da3f941339','Glenn Miller',NULL,'Don\'t Sit Under the Apple Tree',5,'AEUZi7hnuXQ',40.738247,-95.108481,'United States',0.873117,0.453682,0.46606110165877773),(648,65,2,'af18a9bc-e4ab-4068-9489-b64e8186fcf1','Pete Seeger','2968829e-975e-403a-ae6e-2cd91ae56fc7','Oh, Susanna',5,'PUiEfnjhnMs',41.485285,-73.595066,'United States',0.705581,0.315918,0.4083687155791303),(649,65,2,'697f8b9f-0454-40f2-bba2-58f35668cdbe','Ravi Shankar','19edebd0-9298-4914-8764-ee8b90c9169a','Fire Night',3,'lCEU1QthKgM',25.333333,83,'India',0.675304,0.278913,0.3868814613638972),(650,65,4,'c130b0fb-5dce-449d-9f40-1437f889f7fe','Franz Joseph Haydn',NULL,'String Quartet No. 5 in E-Flat Major, Op. 1, No. 0, Hob.II:6: I. Presto',5,'c_LTpG1T2e0',48.0666667,16.85,'Austria',0.815982,0.224521,0.27996370826977823),(651,66,3,'e91c7817-73af-4bd8-a707-71e41aa6aa27','Theodore Shapiro','8152d3e1-0d89-4d3c-a4d4-e04d4aee6613','The Change-Up',3,'6T73Fa2AW9k',37.1679,-95.845,'United States',0.152532,0.323459,0.8649822060927034),(652,66,1,'0452a81f-537a-403d-a8bc-ab7921439bcb','The Stands','b34333c0-2dd0-4249-bd83-a9ec7e805f5b','Mountains Blue And The World Through My Window',2,'uP767IU6N7w',53.4098,-2.97848,'United Kingdom',0.173763,0.46889,0.8091129121874588),(653,66,1,'cc197bad-dc9c-440d-a5b5-d52ba2e14234','Coldplay','ba4bcf45-fcdf-4ff7-a19e-be3fdffae337','Violet Hill',5,'IakDItZ7f7Q',51.5072648,-0.1278328,'United Kingdom',0.345662,0.378181,0.6643465505663971),(654,66,1,'e7516564-6f1e-4adc-a245-e481d56c2d9b','The Housemartins','d921e56b-787f-4be6-a491-2f16332389ea','Happy Hour',3,'KfDoPEN7n5k',53.716667,-0.333333,'United Kingdom',0.408766,0.312096,0.6191546450177523),(655,66,3,'d66f0c6f-6891-471c-9abc-ce52d5160a8c','Buck Dharma','109fc64c-2a18-4088-8369-6da307fd6628','Cold Wind',4,'IRVE8OlfzGU',40.8525,-73.1358,'United States',0.387195,0.483967,0.5983967484777676),(656,66,1,'eec43ebc-815a-4105-b1cb-205b8f57b4fa','The Beautiful South','315d2858-3d88-40aa-9d29-52849ea8ca54','One Last Love Song',4,'o-jgp0YFY_Y',53.716667,-0.333333,'United Kingdom',0.473114,0.388523,0.5381916452037487),(657,66,5,'f59163ba-1a7a-4349-b0fd-fb9582ebe333','Extremoduro','6165a158-dbae-430f-9e4d-274699375fe2','Cerca del suelo',5,'JUlUz6_p400',40.0299,-6.08985,'Spain',0.746253,0.69149,0.19972760214617005),(658,66,1,'9960700d-2017-40bd-b2d4-1d365d668c81','Brett Dennen','b91c0a49-58d0-4687-9385-cda3706248f4','Wild Child',5,'bTh4NaIJgrE',37.839643,-120.698578,'United States',0.84366,0.344252,0.18944651700088003),(659,66,5,'bdf0da5a-7723-4ad4-85f5-3de6b26e35b4','Los Sencillos',NULL,'No, Por Eso, No  (Quiero Que Tu Te Vayas De Aquí)',1,'LX3_-veX-30',39.8949,-2.98831,'Spain',0.702611,0.947469,0.1799825343763373),(660,66,5,'c23b637b-97c6-41eb-8ef6-6c724efc80a8','Zero 7','92c60d06-c690-4df7-963c-5900e0a1c6ba','Salt Water Sound',2,'tyvbh-ngUZM',51.5072648,-0.1278328,'United Kingdom',0.784817,0.674991,0.16631662204804),(661,67,3,'573afd8e-7f3c-4d83-b294-9d9f02fdb1b7','Spaceheads','9fd4b39a-202d-4911-8466-c48d65d59c72','Open My Box',4,'VzHgd4NV9Mk',53.4796,-2.24881,'United Kingdom',0.18513,0.449441,0.4560392820272104),(662,67,2,'79c45ec0-27ab-4946-b5a9-29482a37bab0','Curl','faf937a5-81c5-40ce-8305-f7d0347cab3e','Choice',3,'4KyTO405GjA',54.3141,-2.23001,'United Kingdom',0.195595,0.399703,0.4088411143869419),(663,67,2,'3d71689a-7571-45df-9995-b4ead9d726bd','Hannah Fury','144dc961-2bc4-408a-ab90-06104119609b','The Vampire Waltz',3,'h2TLTFUBOt0',40.9947,-77.6045,'United States',0.098043,0.296252,0.3768128293714375),(664,67,3,'a21318db-f228-4a4d-8bce-6947a62985a5','Bill Frisell','f653119f-10bd-43dd-829e-60a35a2392bd','The Shortest Day',4,'gFDUIZy4zBA',39.324167,-76.719484,'United States',0.04548,0.247936,0.3657356298690883),(665,67,3,'2b08c562-8065-40f9-a7ec-500f23d1eb7d','Alu',NULL,'Circus Cosmos',4,'4Yew1w80Dhc',34.0535,-118.245,'United States',0.223322,0.310433,0.3191716113802336),(666,67,3,'845cb993-c98f-4859-8aab-1a905ee95ef8','David Torn','c1fcf9ba-94fb-452d-a520-6a5cd770fefc','bowling with margo',4,'dGdJHdAeF7I',40.714269,-74.005973,'United States',0.244176,0.276881,0.27968636463055263),(667,67,2,'99524243-dc2e-4bf3-82c0-72395391d21f','Scott Walker',NULL,'Copenhagen',5,'b-U99rWu3rQ',39.425137,-84.472925,'United States',0.108377,0.183191,0.27698314529749346),(668,67,2,'7e571e09-887e-4544-b993-eb75e7837ec1','Grouper','2300149d-89d6-40ed-9dc5-6a7614a8b064','Made of Air',5,'MRG6f25oMUU',45.5118,-122.676,'United States',0.034711,0.070043,0.22364359421754854),(669,67,2,'4ae92e70-3690-473b-8fbc-49749565669f','John Parish',NULL,'Girl',5,'JMyes11rCq4',51.45,-2.583333,'United Kingdom',0.13123,0.083469,0.18131611300737244),(670,67,3,'1fc56cff-f0a0-4ce2-ab1f-ac49cf3b073f','Luis Alberto Spinetta','05b9e736-bce1-462e-ba95-9cc4898bd3f1','Cancion Para Los Dias De La Vida',5,'A5LNC4NPOG4',-34.5875,-58.6725,'Argentina',0.172592,0.082223,0.15735144114192212),(671,68,3,'fc63d806-ca89-4ea3-a404-ee6de695743f','Shaggy',NULL,'BOOMBASTIC',5,'6W5pq4bIzIw',40.6517,-73.959,'United States',0.428551,0.178324,0.8546085988537263),(672,68,2,'bc1b5c95-e6d6-46b5-957a-5e8908b02c1e','Lil\' Kim','ce450211-4866-4212-b784-6d61039e2c94','Dreams',4,'yMYX_MAi_eM',40.714269,-74.005973,'United States',0.331674,0.493594,0.586094938286732),(673,68,2,'c0c1183e-6940-48ca-8f96-98250fcb3ef1','Slum Village',NULL,'Tell Me',3,'1dU3mO36Cow',42.3317,-83.0479,'United States',0.559433,0.450246,0.5552636841122846),(674,68,3,'e86ab653-bec8-46f3-b4b6-a1a866919ef6','The Tragically Hip','4d78fa3a-07f5-48bb-a34c-47c6bf69b6bd','Ahead By A Century',2,'QE2joQsWXJg',44.233333,-76.483333,'Canada',0.36487,0.551208,0.5209439871660492),(675,68,3,'9f870653-72b0-4c6d-8c59-439a95963e09','Cheap Trick','8ab44e09-ff54-4cbb-8b9b-80e4aa7bd979','Voices',1,'IWqxKqMV--w',42.2669,-89.0783,'United States',0.632507,0.549962,0.4375680963557943),(676,68,2,'8e75d270-4d53-4a4a-bc14-e3ace37ebd4e','Big Daddy Kane','0b9e77cf-eff1-44b1-a3d8-518c53ca86ad','Another Victory',4,'5e8KvtRMAqc',40.6551,-73.9489,'United States',0.518838,0.705646,0.3257714597912259),(677,68,2,'e34e41f2-f480-45d3-8190-a3ce5ab34fab','Wale','f1decffd-df51-4321-a6f0-a38dcb40e627','The Middle Finger',4,'vn7nNAPkbKA',38.895112,-77.036366,'United States',0.440041,0.770338,0.2892884746966812),(678,68,3,'a0b8cb9e-7532-45fe-a74c-30e7c4009a39','Missy Elliott','5630e604-0555-4425-88a0-db32616e3871','Get Ur Freak On',3,'FPoKiGQzbSQ',36.811498,-76.367715,'United States',0.646638,0.79019,0.20518043077662582),(679,68,2,'c3da3346-2643-48a7-93cd-011f6834b3d7','Sean Paul','93dbdff7-88be-4269-935a-dd3b4a6b4f79','Get Busy',5,'g2EjmlGnrno',18,-76.8,'Jamaica',0.592206,0.835436,0.17944943118115217),(680,68,3,'70248960-cb53-4ea4-943a-edb18f7d336f','Bruce Springsteen','23a752f7-9cd1-4bd4-8d0f-f05c3d286b9c','Born In The U.S.A.',3,'lZD4ezDbbu4',40.2345,-74.295,'United States',0.588971,0.952035,0.0698449256201415),(681,69,1,'96e4aaae-2076-4123-a572-cb9d0bb5b3cb','Drifters',NULL,'Up on the Roof',1,'lpVUAYCBJR8',62,15,'Sweden',0.940752,0.61235,0.693550477603601),(682,69,1,'f3be6acd-330d-46c0-880a-542e848e07d3','Eugenia León','47468645-a9ef-41b7-af74-e964c107fa68','Aguamarina',1,'E1nFTiyncx4',23,-102,'Mexico',0.574091,0.357286,0.640481293855475),(683,69,3,'24f1766e-9635-4d58-a4d4-9413f9f98a4c','Johann Sebastian Bach',NULL,'Brandenburg Concerto No.3 in G, BWV 1048: 3. Allegro',3,'Xq2WTXtKurk',50.9833333,10.3166667,'Germany',0.914049,0.662523,0.6383135239415249),(684,69,1,'7b85ae64-cffc-4fd1-af16-452cf4e4a027','Soledad Bravo','2d7e2930-be12-4f30-aa27-4137f5cdc064','Son Desangrado',1,'8KBybyIs_Qw',6.47279,-66.589,'Venezuela',0.703882,0.558666,0.5762537428232117),(685,69,1,'3be4099e-f180-4038-af84-ae18a09eab02','Julio Iglesias','82158b85-1209-433a-ac4e-64abdb176ad3','Où est passée ma bohème (Quiereme Mucho)',3,'yxsWyWsMOsM',40.4,-3.6833333,'Spain',0.695871,0.617534,0.5269412555040391),(686,69,3,'16a99fc7-e323-4d04-81ab-46b09a0cb4eb','Matt Redman',NULL,'Majesty Of The Most High - Live',1,'t32QnCSLWUw',51.6596081,-0.5097361,'United Kingdom',0.384408,0.399488,0.4828923735849547),(687,69,1,'71ee4b6b-d578-4ee0-817b-7fbbb5d8bd82','Manzanita','6610752f-ff5a-4171-b5fa-0c8800a1ccef','Arranca',3,'n_EfBcZnPLk',34.0535,-118.245,'United States',0.905973,0.892648,0.4609870090073872),(688,69,1,'150c1fdf-3fc1-4672-93fa-a1aca0a85a53','David Archuleta','0146fd97-e747-4157-a11d-ae0a3fd84d40','A Little Too Not Over You',1,'hnAOEw4onLg',40.666892,-111.887991,'United States',0.534966,0.687857,0.367463476777664),(689,69,5,'9f40ec73-9db5-4531-9ac8-6f10d4885493','Bond',NULL,'Explosive',3,'HiaOFOMPOBc',54.3141,-2.23001,'United Kingdom',0.636081,0.822749,0.3338620936129019),(690,69,3,'37e3dd97-73f9-4c69-b50d-0c0e3c47c40c','Catherine Wheel','e4bab0d0-bffb-405a-a3d4-cd36915307d6','Crank',2,'TVTGBfschUo',52.6072426,1.7310768,'United Kingdom',0.434535,0.790221,0.22423119751588264),(691,70,5,'c0c1dc56-8c7e-4b79-8df8-a5b1d6000396','Nawang Khechog','1bff85ae-9e46-4c32-abfc-268e3e4e4506','The Perfection of Wisdom',4,'Xtw4iNtR6YY',34.0535,-118.245,'United States',0.060935,0.281677,0.7113761311711267),(692,70,1,'c2d25856-a09a-4d15-b404-77dd19c19e63','R. Kelly','a6685ec6-2a43-42ee-901d-8b498e3ba868','I Believe I Can Fly',5,'GIQn8pab8Vc',41.850033,-87.650052,'United States',0.044372,0.409639,0.7015901660607435),(693,70,5,'24c6cbb9-2eb4-41bb-ad73-5e2f8df379ee','Michel pépé','3dc9a43b-e95b-435e-9a32-84eb77253e5d','Aube Nouvelle',4,'7Da2dkqARwo',48.866667,2.333333,'France',0.089745,0.345637,0.6816036675306435),(694,70,3,'7a519099-d4c8-46c8-805b-214dab0e58a2','Amaral','431cfc68-35a5-4e54-a885-f8f6d2b6f188','Riazor',1,'6wQjgZI2zuE',41.6333333,-0.8833333,'Spain',0.236974,0.677235,0.42723188575312104),(695,70,3,'4ec4a033-ba44-41ca-8e09-3bf94fc08523','Swirlies','337828e4-3011-4e0e-b665-8d2be9454427','His Life Of Academic Freedom',1,'AmqW4RU82eI',42.370567,-71.026964,'United States',0.30194,0.525005,0.41990825515643077),(696,70,1,'cd103368-a248-44d6-90d7-ed36afda8d7d','Cody ChesnuTT','37220034-0dca-466c-a2c8-27763a50611f','Everybody\'s Brother',3,'ZbR2HGedBhs',33.844371,-84.47405,'United States',0.297806,0.541403,0.4180157879495487),(697,70,1,'c33627c6-ef0d-49de-9ef0-c4804190040f','Bob Marley',NULL,'So Much Trouble In The World',3,'gAFbYTvXXyY',18.25,-77.5,'Jamaica',0.374997,0.445304,0.379520743204489),(698,70,1,'2eb6240d-f5e7-4ba4-8003-2c5b2d651dfb','Eric Bibb','6eecf2cb-6deb-49d9-b0f7-c07153ab60f0','New Home',2,'5XebVC87sCA',40.714269,-74.005973,'United States',0.591516,0.289251,0.23165465747171346),(699,70,1,'f51a55d0-5f9a-4df9-8a05-ab7bf56fa49d','Fred Neil','2bcfb934-9abf-468f-8f95-e20186bb5f05','The Dolphins',3,'FO6CNj5YVF8',41.5047,-81.6907,'United States',0.56267,0.36806,0.23096470741787628),(700,70,1,'959cf5bf-ee29-4af6-a85a-0b480181d988','Everything but the Girl','c890e48a-6fe6-4369-9490-e5bb95e630b4','Driving',4,'ivkouEj67mg',53.7432,-0.34585,'United Kingdom',0.588922,0.463729,0.1727661255623928),(701,71,2,'b3edafa8-0a78-40b9-9404-c6fc1920d2be','The Stylistics','1a648ce4-5518-4bff-978e-38f74ee94e52','Can\'t Give You Anything But My Love',2,'sPi4L-9rc8M',39.9523,-75.1624,'United States',0.617887,0.83526,0.32673476298436255),(702,71,3,'8eae1e0a-1696-4532-9e3c-0a072217ef4c','Drive-By Truckers','58535b29-b7b5-4913-a5f7-ea1b8bcf02dd','Where The Devil Don\'t Stay',2,'hLwrPDRRnf8',33.992902,-83.353697,'United States',0.560846,0.775809,0.31681184626151193),(703,71,3,'ec863030-7c13-45a3-a025-a69195d3a020','Steve Earle',NULL,'Amerika V. 6.0 (The Best We Can Do)',1,'Ntkjp5rdIAY',29.4245,-98.4946,'United States',0.593618,0.851162,0.29777924999385974),(704,71,2,'0cc3e9a2-7d0c-457f-bd40-c0babe7e593a','Skalariak','11c63f51-becc-4cc1-870f-da0db65c8e35','A Buen Ritmo',5,'asCU8Xa6UFg',40,-4,'Spain',0.600894,0.929906,0.2563213008854444),(705,71,2,'cf23db24-d797-4fcf-929a-e03a8e00bb25','Obrint Pas','57b7ff2c-8bc7-4eaf-b18f-201035e3aff4','El Foc I La Paraula',4,'CizdM6qTPVw',39.4692,-0.37682,'Spain',0.537627,0.889711,0.2298583812673692),(706,71,2,'c26ba79c-dedc-4eae-b42f-1a68ddc3c104','The Long Ryders','25effcb8-df73-4703-9f82-4755c566f388','And She Rides',2,'oBNVkJ5oSSI',33.973951,-118.248405,'United States',0.517259,0.945344,0.1801686799864686),(707,71,5,'b2d122f9-eadb-4930-a196-8f221eeb0c66','Rammstein','b96f272b-3370-4a6b-ba53-1e905374a451','ENGEL',4,'x2rQzv8OWEY',52.5161,13.377,'Germany',0.2333,0.587547,0.16789899600309185),(708,71,2,'91d01e5f-252d-469d-a16a-12c613e48e5d','The Shangri-Las','0c75dd1a-6f2a-4343-b7e8-7635faf73d2f','The Dum Dum Ditty',2,'FwNBgHkBfKc',40.714269,-74.005973,'United States',0.366964,0.780288,0.15907301719405803),(709,71,2,'09a3db47-78ca-499f-a7c7-87fe4028167d','Vendetta',NULL,'Age of Annihilation',2,'ZAMjyKRTSwg',50.0441,10.2365,'Germany',0.501944,0.985381,0.1438835136627493),(710,71,5,'79e98efd-4515-412a-af83-df381f5badd6','VAST','fc79dc51-eb1f-49d7-a0e7-9b8228c263c1','Touched',1,'Rpx_PcZjByY',47.6036,-122.329,'United States',0.148835,0.760221,0),(711,72,2,'4ab95ddd-1201-4f78-8f4c-b32e83dd1a21','Dual Tone',NULL,'Atom [Dub Massacre 2] (Single Version)',2,'LwZhWfKVbtM',39.8949,-2.98831,'Spain',0.318245,0.426063,0.6704575399489678),(712,72,2,'a996b5bd-db99-4257-b036-336f63448aa2','Bobby McFerrin','a7c5a01c-5837-49fb-b55c-f1148b5d76b1','Joshua',5,'2GnKAqyX-9s',40.7909,-73.9664,'United States',0.467359,0.348086,0.6527020129082948),(713,72,2,'e2f9c452-7eb0-4782-bc3e-36f2c456ffe0','Augustus Pablo','ea08e8f4-df28-4428-94f5-56a1c20208b4','East of the River Nile',1,'dBTDanqGwtA',18.25,-77.5,'Jamaica',0.567326,0.371277,0.5779866903610539),(714,72,2,'49c43c49-328d-4b14-8a1d-be99cafaec14','Seeed','e6029da3-8991-4981-a8d8-e3436cc8ae85','Dancehall Caballeros',4,'CYg9omPYx_M',52.5161,13.377,'Germany',0.468893,0.617573,0.42755596432734005),(715,72,2,'cbfcdb48-c199-45af-80da-100d4e53253e','Adrian Sherwood','37e7e6b1-3d36-4e1f-a6cf-85a370ff4fc0','Hari Up Hari',2,'b_HYgua1Y2s',51.5063,-0.12714,'United Kingdom',0.559738,0.612241,0.38163698488552733),(716,72,3,'b7ffd2af-418f-4be2-bdd1-22f8b48613da','Nine Inch Nails','7e84fee8-02da-4eb9-8d50-11c9eb476b42','The Perfect Drug',5,'sSLqeZzTU8I',41.489381,-81.667486,'United States',0.214285,0.884055,0.3468946039582364),(717,72,3,'0a23d9c0-ea5b-4350-ab90-38abc0d39dbe','Whitehouse',NULL,'Dumping the Fucking Rubbish',0,'jpIQrpsjmd0',54,-2,'United Kingdom',0.29589,0.874227,0.30983955344144304),(718,72,3,'2e41ae9c-afd2-4f20-8f1e-17281ce9b472','Gwen Stefani','2604887c-dd63-4846-93c9-4c44f3074bbb','Early Winter',4,'0S7Qu5HMiCA',33.870292,-117.925338,'United States',0.42587,0.804569,0.29576635255430334),(719,72,3,'b2fa3040-bbd0-4a55-9002-f1a3cbe438fe','Platform One',NULL,'A Different Kind Of Ride',2,'iEAR6sbzmkI',40.7146,-74.0071,'United States',0.634895,0.852233,0.14022940406607337),(720,72,2,'24f8d8a5-269b-475c-a1cb-792990b0b2ee','Rancid',NULL,'Maxwell Murder',3,'uE1zgrMdxBE',37.8699,-122.271,'United States',0.536475,0.983461,0.0855632932423073),(721,73,1,'847e8a0c-cc20-4213-9e16-975515c2a926','Céline Dion','589b6c6c-2c80-4e28-a3c0-846943a6be25','Les petits pieds de Léa',4,'maRvJqt49T4',45.7215,-73.4867,'Canada',0.372849,0.223079,0.6655498992683826),(722,73,1,'5298bbcb-7330-49bf-a780-2d757f10a20a','Roberta Flack',NULL,'Hey, That\'s No Way To Say Goodby',2,'1dQfnFHrhWc',35.6181,-82.3205,'United States',0.396114,0.215529,0.6411150386208733),(723,73,1,'ec37ecfe-65b4-49a4-83c7-ee1ccaeec2e3','Vince Gill','37f806a4-5138-48d3-afb8-82ded858e090','I Still Believe In You',3,'baOz601--b0',35.2208,-97.4466,'United States',0.38214,0.152807,0.6321865941361371),(724,73,3,'fa34b363-79df-434f-a5b8-be4e6898543f','Ludovico Einaudi','6e9ad3c9-48af-4b08-8cbf-90fe68517631','Come Ombre',3,'PNWq9rIZlSs',42.8333,12.8333,'Italy',0.342986,0.000997,0.6155691921684585),(725,73,3,'a5ee1ebe-a645-45d2-8319-d101fe62e581','Biosphere','840b6ad0-f25f-4643-a952-06915cebaea8','The Things I Tell You',2,'62XapvnrZPo',69.666667,18.966667,'Norway',0.371222,0.069535,0.6131841263953698),(726,73,1,'95cfd42d-12de-43e3-81b4-db143d2b5b35','The Tiny','6d54e7bc-8f08-4a71-be80-d79ab8d0b435','Ten Years',3,'uK02l_6sU2o',59.3322,18.0624,'Sweden',0.44877,0.240459,0.6005583240045892),(727,73,3,'7b353d3c-2bd9-40e3-a21d-b7da3f941339','Glenn Miller',NULL,'Tuxedo Junction',4,'iBTYcqtaOjg',40.738247,-95.108481,'United States',0.566628,0.102842,0.44189825995131454),(728,73,3,'3c050ada-9db8-4e87-86fb-11c5294f9711','R. Carlos Nakai','58156682-adfb-453c-ad02-f6400ddc0ecd','Shaman\'s Call',5,'ey5v268s7ZA',35.1982,-111.651,'United States',0.603714,0.067764,0.3948601057361262),(729,73,1,'7fa62c0b-2c74-491e-a2a1-17c3b043f326','Babyface','4075325c-7e0a-4240-80df-a15cde9846f5','This Is For The Lover In You',1,'R0QtanYBHA0',39.775092,-86.13216,'United States',0.841697,0.199231,0.2181568706914164),(730,73,3,'c130b0fb-5dce-449d-9f40-1437f889f7fe','Franz Joseph Haydn','b872fa23-f954-4765-b369-2f38a0b34f62','Allegro',3,'IdUpfIJlN9w',48.0666667,16.85,'Austria',0.87046,0.172311,0.18177547419212844),(731,74,1,'fb2df245-81b0-4a2b-9d01-e0955ba68be7','Junip','b6b29119-6de5-40c8-bc84-550b8f41f360','Walking Lightly',5,'GxC4f3G8iRw',57.7166667,11.9666667,'Sweden',0.362284,0.791305,1.0104704395579815),(732,74,3,'fa34b363-79df-434f-a5b8-be4e6898543f','Ludovico Einaudi','b0bd46be-0dbe-4da8-9f1e-72e734bf9a36','Divenire',4,'OWKgHFFKA-c',42.8333,12.8333,'Italy',0.088249,0.225264,0.8039910168108223),(733,74,1,'f74af4df-67c0-407d-996e-a4fa4e7feeb2','Scud Mountain Boys','ffe420ba-55c9-44f4-96b6-72e18c81fdb7','Where\'s The Playground, Susie',4,'_lve7dZmUuM',42.3178,-72.6324,'United States',0.230766,0.350306,0.7916343258095875),(734,74,1,'55625191-e478-4008-9f2d-d64a098cb232','Mus','2ea94903-5d5c-4900-8933-18a8e34b736b','Animas del purgatoriu',4,'1MybXrEfUV0',43.542,-5.6638,'Spain',0.186905,0.294747,0.7833625906832672),(735,74,1,'40e1497c-f8d0-4c33-88c4-e079229790e9','Xoel López','d3126f7e-6346-4320-a42f-b527dc1bd693','Caracoles',5,'7YdNYHOhA6s',43.3702,-8.39674,'Spain',0.47988,0.57992,0.7778457435764496),(736,74,1,'b6fd87b6-c2ce-4241-a11f-fea34a9bd028','Mariee Sioux','c076a4fa-975e-4ef9-80ad-89149fe78ccb','Wizard Flurry Home',5,'z1m3rJRq6E8',39.299606,-120.887965,'United States',0.312499,0.371235,0.7486394050863204),(737,74,3,'a5ee1ebe-a645-45d2-8319-d101fe62e581','Biosphere','885f0ffe-bdac-4b0e-a84c-5601e821b9e1','Kobresia',4,'cKiuEHV6HWo',69.666667,18.966667,'Norway',0.063162,0.054309,0.700846764852703),(738,74,3,'2ff49515-1701-4bac-a53a-04345893f3f3','Gillian Welch','5885a94e-a120-4eb8-b46c-eca02821f941','Orphan Girl',4,'9qZOOb02u-4',36.1678,-86.7784,'United States',0.296234,0.244942,0.6708378601659271),(739,74,3,'1507b368-e660-4c15-af94-3f5603561045','Balmorhea','9b28eaab-83e2-4592-a9e2-0824fb5d00fb','Dream of Thaw',4,'ZbCEGcWjGI8',30.326374,-97.771258,'United States',0.513661,0.406857,0.6315849485286996),(740,74,1,'b9fc8100-9653-4a7c-82e3-67fc69bd1ef5','Arborea','524a38ac-3070-4aef-91c8-d32085914a93','Black Mountain Road',3,'qu5wUuWcEkk',44.086323,-70.169297,'United States',0.430717,0.316682,0.6264718593939397),(741,76,4,'44a7f7d5-79df-4f44-8f5e-02dfc0626904','Gipsy Kings','44b6ea9d-44c8-4069-8c3d-2fb10ccbf497','Fandango (Nicolas)',2,'jPeW2jAPdNc',43.666667,4.633333,'France',0.443878,0.166254,0.5553502577476414),(742,76,1,'985c709c-7771-4de3-9024-7bda29ebe3f9','Norah Jones','14a9f3bd-1724-4228-bf89-fc16a7441b06','What Am I To You?',1,'ZBseZ6y7hDQ',33.220974,-97.146038,'United States',0.537355,0.346731,0.5217493754562752),(743,76,4,'863de8b5-4283-48f4-84fa-330cd073f84a','Lole y Manuel','05c731e3-ef40-412e-b0dc-d02618d7351b','Todo es de color',4,'wKvqdHaWZwk',39.8949,-2.98831,'Spain',0.325518,0.331989,0.3611917066563309),(744,76,1,'e280268a-a5ab-4bb0-be4d-ec470ca59131','Astor Piazzolla','38b3eba0-3474-49c7-904e-4190baf3194a','Adios Nonino',1,'VTPec8z5vdY',-38,-57.55,'Argentina',0.195749,0.165294,0.35749495636228107),(745,76,1,'2d5d2a12-e5cf-471a-904d-89ca3d220dfc','Ozymandias','ee57ad43-82f4-4ecc-8bd9-2c24d1daa2da','Ne m\'oubliez pas',3,'o0Fw_3lReAg',46.8132,8.22395,'Switzerland',0.069927,0.032668,0.3365001797253803),(746,76,1,NULL,'Lhasa de Sela',NULL,'El Payande',4,'8olkqS919OQ',42.1029,-74.4435,'United States',0.252766,0.394694,0.26536398956381374),(747,76,4,'27c9e2d8-084b-4af5-a8eb-815b4f204116','Tim Tim','b6344aa5-689e-4ac7-9d24-07a8ffaf98dc','One Family',5,'TobbiClIhsw',26.6298,-81.9569,'United States',0.218036,0.369858,0.25250114282464947),(748,76,4,'7fcbcd27-33bc-4c40-bb45-5e3927004fac','Luar na Lubre','45a556e8-dfd9-4a77-b683-76e9aa38b119','Chove En Santiago',4,'BI-Q8yBoV2o',43.3666667,-8.3833333,'Spain',0.096475,0.331064,0.1785786897760181),(749,76,1,'00e9cc4c-e91c-4e2e-8e3b-bd7403139ac5','Hector Zazou','dc6e4954-6148-4785-9f21-101bad34d4b8','Que Le Bongo Est Beau',4,'1uAm9rPC1yI',48.8569,2.3412,'France',0.038165,0.289375,0.15697691513036274),(750,76,1,'4efa55ba-93cf-497f-baf3-2ca9da7e193e','Jet',NULL,'Move On',3,'rZ8C3t16IJ4',-37.8175,144.967,'Australia',0.122029,0.41763,0.1470416665165235),(751,77,3,'7d40d33b-35e7-422e-b688-ed61726df745','Army of the Pharaohs','9b0d8080-999a-4720-91dd-7c285af0d44b','Tear It Down',4,'r8etXKtuYKs',39.9523,-75.1624,'United States',0.88199,0.758394,0.7945023509140801),(752,77,3,'5b6993ef-14af-4374-aa91-d42622b133d1','Jackie McLean','79006b5b-30fd-4adb-9efb-cfecbfba2baa','Appointment in Ghana',3,'HtKGXRRxG74',40.714269,-74.005973,'United States',0.609156,0.490826,0.7907787266043518),(753,77,3,'0a87ad5f-728a-4a0f-b461-5ab84f63cd94','Melissa Auf der Maur',NULL,'Head Unbound',2,'i2LQ4SYvWj8',45.5123,-73.5544,'Canada',0.514652,0.620558,0.632219930418205),(754,77,3,'7fcbcd27-33bc-4c40-bb45-5e3927004fac','Luar na Lubre','17004ccd-36a6-4ee5-9431-71194046d22a','O son das augas',1,'63v9ZxrTWng',43.3666667,-8.3833333,'Spain',0.528911,0.649212,0.6220411283030246),(755,77,1,'02839289-8168-4592-9d2c-11b077125aef','Savant',NULL,'Splinter',5,'-CzBYn7iRSI',31.1801,-91.8749,'United States',0.522191,0.69361,0.5858952438623307),(756,77,3,'44a7f7d5-79df-4f44-8f5e-02dfc0626904','Gipsy Kings','50a7e50a-df53-4df7-8e28-6f303a780ce0','Volare',1,'D_TGGgkCLD8',43.666667,4.633333,'France',0.664269,0.913567,0.5308264748503037),(757,77,1,'2e62daef-dc0d-40ad-b430-fd6872e992aa','The Glitch Mob',NULL,'Between Two Points (feat. Swan)',2,'nrGhZmpoIDc',33.973951,-118.248405,'United States',0.2388,0.680325,0.3949014596231572),(758,77,1,'d873aeb7-8bbe-4f79-91b8-0bc11c7ae313','Don Diablo','43681105-6c72-4326-b18b-864313fbcc09','AnyTime',5,'W46raxKFk2Y',52.6642,6.73891,'Netherlands',0.492587,0.962994,0.37447880156892727),(759,77,1,'19d2cd59-c470-4525-86f1-0e187475072b','Mochipet','bccfb9f0-47bf-4522-a027-0080c6716c71','Gigan',5,'RtaQE7p4hA8',25.0804,121.564,'Taiwan',0.227606,0.715113,0.3623872756106374),(760,77,1,'844c70d8-a64e-45e6-bb38-c973c39a9dcb','Nero',NULL,'Me And You',4,'bE47er6qnqg',51.5072648,-0.1278328,'United Kingdom',0.274926,0.930144,0.24379769023106018),(761,75,1,'fbe1a6d6-12c9-459e-bf73-fdcc76b14b7e','Julian Lennon','2c93361b-c9ea-4500-a8fd-f938a39b8aec','Saltwater',2,'KwQ1DP3IJG0',53.4054719,-2.9805393,'United Kingdom',0.173584,0.426448,0.9170016),(762,75,1,'f27ec8db-af05-4f36-916e-3d57f91ecf5e','Michael Jackson',NULL,'Earth Song',5,'XAi3VTSdTxU',41.590686,-87.319937,'United States',0.211734,0.428133,0.8874926),(763,75,3,'ef59e206-221b-4bfd-97ab-49280137c479','Charlotte Church','63af3b2b-02e7-4175-bf42-870d2e971084','Show A Little Faith',3,'5oaxHp_ZKdE',51.4935,-3.21418,'United Kingdom',0.387041,0.648742,0.8796124),(764,75,1,'95cfd42d-12de-43e3-81b4-db143d2b5b35','The Tiny','619deb59-6d60-4652-966a-605a25ca27af','Second Time Around',2,'biuBCn5lNyE',59.3322,18.0624,'Sweden',0.09224,0.233388,0.8662407999999999),(765,75,1,'f1c1963a-ba17-4c61-b4d5-344aec12e1c0','Elliott Yamin','5d9c73ba-1ad1-495c-8251-f925a1de38b1','You Say',1,'vWttLKO6Ixc',37.5407,-77.4336,'United States',0.549474,0.712992,0.7882159999999999),(766,75,3,'e5173fff-a188-40a2-99ca-67fc4cdd5a68','Daniel Darc','0b2eb9fa-2be6-4492-8f97-c9a9a506c2ea','C\'était mieux avant',2,'luSJuyDjzgw',48.6808,2.50261,'France',0.56232,0.65639,0.7439779999999999),(767,75,1,'694b1fd8-0ba6-45bb-a359-d8a8fecaee46','Big Audio Dynamite','08773c16-1ac8-4e8f-9fef-484d887fc561','The Bottom Line',3,'4V5Zoe84BjE',51.5072648,-0.1278328,'United Kingdom',0.659488,0.694909,0.689355),(768,75,3,'0182474b-8a1d-46d0-9d0f-e6df353335ea','Perry Como','43f9300a-8085-4156-aa6b-182d8b8deab7','For The Good Times',4,'1UPSUS_59Yw',40.26257,-80.18728,'United States',0.383402,0.219804,0.6251608000000001),(769,75,3,'352453ac-c751-4bd8-ac20-86344a38ac90','The Wailers',NULL,'I Shot The Sheriff',2,'BKR8RoOYy_Q',18.0157,-76.7973,'Jamaica',0.7197,0.640554,0.6085723999999999),(770,75,1,'10ccb5d8-f9d5-4954-9441-3419b522a214','Olivia Newton-John','456c639d-fdbb-4d47-82f9-4b1029cdfb92','Physical',4,'vWz9VN40nCA',-37.816667,144.966667,'Australia',0.838468,0.65376,0.5214816),(771,78,2,'e8c70743-2890-402b-bc49-539b609a33bb','Boikot','c957ea7c-4957-4162-80fd-7c1835cea307','Tierra Quemada',1,'Ep3HLpOY1nY',40.4,-3.6833333,'Spain',0.443602,0.985384,0.9192654902537708),(772,78,2,'da4fb281-2156-442c-87ad-0e02e8a86077','Marea','467d0b6b-958b-453f-a94b-4bc022eb0ed5','El dia que lluevan pianos',2,'AgDvIyIgLX0',42.8333333,-1.6666667,'Spain',0.610385,0.865577,0.7189048492762116),(773,78,3,NULL,'DJ Lazz',NULL,'No More',2,'QkTwNP-zmvI',32.7781,-96.7954,'United States',0.480506,0.641081,0.637462477346422),(774,78,2,NULL,'Pras',NULL,'Ghetto Superstar',3,'RtIGCGu9L90',40.6551,-73.9489,'United States',0.567123,0.711511,0.6325296292126197),(775,78,3,'a7290418-82e2-4016-abf4-3fd3e7db926f','Fatback Band','c02ec1e0-a911-4546-8758-a61df4a39925','Got To Learn How To Dance',3,'8mY7Tx5D8tc',40.7146,-74.0071,'United States',0.842615,0.947878,0.6260755160485281),(776,78,2,'85712bc6-be20-4e52-9b5b-1119521796b8','Outrageous Cherry','a909b1cd-fef6-4202-88c1-cf74299ff453','Love & Other Electrical Storms',4,'rNmJNxWdke0',42.3317,-83.0479,'United States',0.848556,0.935915,0.6131881438166845),(777,78,3,'bf61e8ff-7621-4655-8ebd-68210645c5e9','Kris Kross','d28b8ed8-d4b4-4910-be7b-431be1252b6f','Da Bomb',1,'JZ1YJn1PkI4',33.7483,-84.3911,'United States',0.497045,0.574504,0.576722206270355),(778,78,2,'ee74192c-d21f-4de7-83e5-eed93e07ac07','El Canto del Loco','8aebda78-4698-4805-8eab-733e01c4cb54','Volvera',3,'uvEWuVrm1FU',40.6,-3.5,'Spain',0.818346,0.704976,0.4606963080255238),(779,78,2,'41aaae3a-0df5-4613-a9ac-bd1194eff046','Transportes Hernández y Sanjurjo','33ebf15e-3087-478d-a402-eb7aa440b0de','Cualquier Trapito Que Te Quitas Te Sienta Tan Bien',3,'rla854JAZFQ',43.2917,-8.34439,'Spain',0.68276,0.516191,0.4097313634736034),(780,78,3,'0c32c3c6-ee44-4fc7-9d35-a5e54d19cb50','Uxía','4b831332-4036-4539-81a6-891becd0c43c','Tua Nai e Meiga',2,'l7bPMyFdy3Y',42.5021,-2.43573,'Spain',0.781375,0.319428,0.19716678296911905),(781,79,3,'3be5dee4-5fa6-45a5-97c2-98914580bafa','Mecano',NULL,'Hijo De La Luna',5,'MR3vH6U79Ko',40.4203,-3.70577,'Spain',0.588113,0.513302,0.637401582906873),(782,79,2,'8ef39705-3d95-4412-a6fb-2eab5e91e64c','Moving Pictures','092410e2-305f-46e6-845d-0122dc21bbff','So Tired',3,'4FNbaa5GDKY',-33.8696,151.207,'Australia',0.828835,0.480776,0.5017348073338646),(783,79,2,'e644453e-c266-4cb1-900a-5d123245da77','Ornamento y Delito','ce8f594d-38e2-4882-a0b6-16f4278d21dd','Transgresión',2,'DcId53adDHo',40.3967,-3.48384,'Spain',0.518564,0.905855,0.3902872993572598),(784,79,3,'7a519099-d4c8-46c8-805b-214dab0e58a2','Amaral','85001365-b538-4c3b-982a-01ea2e23de6d','Sin Ti No Soy Nada',5,'IkURZVLp3YM',41.6333333,-0.8833333,'Spain',0.575716,0.875799,0.37476615269651753),(785,79,2,'6f28b158-4d1a-4f31-9339-7f381e3c4ee1','Los Planetas','5c4d77af-9607-4c22-98e6-a98e9d45cfe0','Segundo Premio',3,'CQ5TNdNryEQ',37.1704,-3.60542,'Spain',0.664972,0.822722,0.3551126270116909),(786,79,2,'40ad013b-81fa-412a-965a-ea13e667e657','Nistal','2c266a6e-0580-4a7f-a534-f306cc570de6','No te Quiero Ver',3,'heeK-UB---A',40.4203,-3.70577,'Spain',0.872167,0.673186,0.32916126286847247),(787,79,3,'d7fd77f6-ea1f-41db-8858-12a0ae143432','La Vela Puerca','1f84388f-5655-46a1-a919-2d71549eb54f','José Sabía',4,'SacTVXa5f5c',-34.8809,-56.1654,'Uruguay',0.719764,0.820007,0.32072940802323413),(788,79,3,'2c56788f-cb76-45fd-85c4-16bf265d6a5a','Lena',NULL,'Satellite',4,'8QSgNM9yNjo',52.3666667,9.7166667,'Germany',0.915719,0.845541,0.1714275037203437),(789,79,3,'b825214f-7cc3-42d8-93c2-616dde1efeb2','Arianna Puello','3f629aad-5d62-4058-ac92-0af023a3982a','Damelo To',2,'yAnhAwNjatg',18.7679,-70.1617,'Dominican Republic',0.862173,0.898249,0.16762570561287005),(790,79,2,'643c8748-f3fd-4aeb-8bda-072d896e13c3','Dorian',NULL,'Paraísos Artificiales',5,'p8hHhiMnsOY',41.3833333,2.1833333,'Spain',0.833844,0.930424,0.1624091357597745),(791,80,2,'69b39eab-6577-46a4-a9f5-817839092033','Kasabian','a71a53cb-f0b7-4c76-9109-cb75b425bf9c','Club Foot',4,'lk5iMgG-WJI',52.638,-1.14043,'United Kingdom',0.039245,0.945647,0.8836327964453334),(792,80,2,'9f7829b2-ce55-481d-93dc-b63be95f3637','Lowgold','0ad50e79-2d75-493d-8e38-ae15aa17f64b','Every Train',2,'Wu2xYbZ96YY',51.7536,-0.3373,'United Kingdom',0.395756,0.606758,0.7163154323201477),(793,80,2,'bc6c0149-2c01-4fc4-803d-8ff656270442','摩天楼オペラ','d9b51203-37d4-41fe-a8dc-0eb8a35e9923','Gloria',1,'nekJM9IxPO8',36,138,'Japan',0.266218,0.976831,0.6666760648604388),(794,80,5,'bc07a2b3-807a-4dda-9c19-003553f18f45','The Cave Singers','d2becff6-e586-49f0-bd51-c1daec834a8c','Swim Club',4,'PoKzyr4zMNE',47.6036,-122.329,'United States',0.622219,0.650958,0.4939939264436356),(795,80,2,'5334edc0-5faf-4ca5-b1df-000de3e1f752','St. Vincent','0e099bee-a61a-421e-a6e8-a4a99c106bb7','Prince Johnny',1,'idllxjHbX7w',36.039147,-95.868667,'United States',0.701998,0.691105,0.4046831353543164),(796,80,3,'cc60d937-e80b-4c66-8aa2-e89cb57c8b08','Fairport Convention','b3473e7f-3c58-414b-8a79-6fc9e3fcb144','Tam Lin',2,'jy3ihk205ew',54,-2,'United Kingdom',0.812557,0.548852,0.3694136351452122),(797,80,2,'5e05d900-51e0-4dda-81e2-f4c0bd7ed5e6','Gary Glitter',NULL,'Do You Want To Touch Me (Oh Yeah)',2,'oi7ds7Lmmrk',52.0622,-1.33894,'United Kingdom',0.761476,0.751104,0.3246520263716215),(798,80,2,'4a06daea-66c6-41e9-9f82-01f2a37fc9de','Pale',NULL,'You Wanna Be So Good',3,'hR8Jr6-eYjM',48.7523,-122.471,'United States',0.810441,0.786297,0.26511761089788055),(799,80,3,'d1b7d13a-1f1e-4855-92c4-10c31ebfedeb','Menswear','99d12151-1275-4d26-b1bb-69a1b7c0da61','Daydreamer',2,'tmBoEUG4-aM',51.5063,-0.12714,'United Kingdom',0.875339,0.732929,0.2309379702210098),(800,80,3,'64973b13-9786-4b52-a04e-e02c884ab880','Dressy Bessy','ae840981-a26d-4455-9fd9-9faffd510ac1','The Things That You Say That You Do',3,'5Qff6_6YhNg',39.74,-104.992,'United States',0.917921,0.757093,0.18204500225219053),(801,81,3,'7fcbcd27-33bc-4c40-bb45-5e3927004fac','Luar na Lubre','9c488b86-0698-403d-a6e3-401814deacfe','ARA SOLIS',3,'bN4d2PlR9uM',43.3666667,-8.3833333,'Spain',0.251483,0.369105,0.9753915792500978),(802,81,3,'5ee1942e-ff67-4eb5-b44b-a759fe7d7363','Big Band',NULL,'Mack the Knife',2,'k9izeCGz4uQ',14.6096,121.006,'Philippines',0.570451,0.302321,0.7970705627433495),(803,81,3,'20d94b14-0a93-47e9-82ef-084ede6f20af','Askeleton','689f6044-4bc9-4f8c-a929-6e66e4c4e998','Thieves Choke On Spit',1,'ceQ98ldN1yo',44.979,-93.2649,'United States',0.532722,0.351671,0.7888532748391808),(804,81,1,'f59163ba-1a7a-4349-b0fd-fb9582ebe333','Extremoduro','f2fbf7ab-14be-4691-99eb-e0f2e64d0203','Quemando Tus Recuerdos',4,'PKtY_3SiA6s',40.0299,-6.08985,'Spain',0.272879,0.962462,0.5406955641953242),(805,81,1,'e6e1e76f-afee-4990-aad0-056199d94918','Babasónicos','ef1cb437-276d-40a6-9109-8faf444a8c50','Putita',4,'7siu5MQ_8s0',-34.6999,-58.3848,'Argentina',0.515892,0.730862,0.5326253545016421),(806,81,3,'0eb58fc2-a70b-4e02-a503-115e42da9b4e','SpongeBob SquarePants','fa952011-9f36-453b-9327-2159e5762250','The Best Day Ever',1,'tEDY0-vPFR8',34.0535,-118.245,'United States',0.561151,0.725144,0.504665645266745),(807,81,1,'46e80ba0-5943-4715-ac2e-3bedcafa6107','Dover',NULL,'Devil Came to Me',5,'D9U-A3mwTw0',40.4,-3.6833333,'Spain',0.584078,0.934598,0.3403474643478337),(808,81,1,'66696d1e-8bfd-43a4-b8d6-d255da84b02b','División Minúscula',NULL,'Veneno Es Antídoto (S.O.S:)',5,'5rh7e1mxeI4',24.908611,-107.594167,'Mexico',0.707183,0.906163,0.2734056653729034),(809,81,1,'2de794c8-8826-48d0-90e0-6900183ba9e0','Ska-P','2c3e2373-065c-492b-86dd-47ffb9471635','Cannabis',4,'G7MVJmtdUME',40.4,-3.6833333,'Spain',0.946283,0.836726,0.15343580755645025),(810,81,1,'0cc3e9a2-7d0c-457f-bd40-c0babe7e593a','Skalariak',NULL,'Skalari Rude Klub (SRK)',4,'XnA7jVLzT5U',40,-4,'Spain',0.951872,0.887926,0.11327992055964725),(811,82,1,'18a61329-4bd8-4811-ae3d-22c80c25aa01','Chrome Division',NULL,'Good Morning Riot',4,'GijfbE54Uiw',59.9123,10.75,'Norway',0.334618,0.563825,0.5185311646760485),(812,82,1,'019b9b96-35eb-4e82-b794-63e770596282','Badlands',NULL,'THE LAST TIME',5,'wyNDyW6wGVM',34.0535,-118.245,'United States',0.664864,0.476912,0.49665336750321426),(813,82,3,'a0b8cb9e-7532-45fe-a74c-30e7c4009a39','Missy Elliott','ac4a7b3f-c969-442b-8937-4a8c8b41e1c0','Sock It 2 Me',2,'YZ2x5X0LmG8',36.811498,-76.367715,'United States',0.62604,0.497715,0.4891821116255716),(814,82,3,'efe5c081-3a3d-4730-9669-c3eec3018989','The Equals',NULL,'Black Skin Blue-Eyed Boys',5,'0bb-ojNfAGs',52.8836,-1.97406,'United Kingdom',0.54368,0.652086,0.36873935765762245),(815,82,3,'bf61e8ff-7621-4655-8ebd-68210645c5e9','Kris Kross',NULL,'2 Da Beat Ch\'yall',3,'8awLXRZo6kk',33.7483,-84.3911,'United States',0.52989,0.739319,0.2903314503692406),(816,82,3,'4a7e6742-28b1-4ec5-98d5-3e3fcc82431c','Gob',NULL,'Oh! Ellin',5,'6vgG15LuFMo',49.1041,-122.657,'Canada',0.436936,0.844704,0.2197126434282239),(817,82,1,'ebe18ea1-9fcf-426e-9c54-10eecc207a66','Girlschool','e078d194-1f07-4081-b58d-c549b623556e','The Hunter',3,'duE8SCWi_AU',51.5063,-0.12714,'United Kingdom',0.616108,0.907008,0.1039918102196459),(818,82,1,'7c3762a3-51f8-4cf3-8565-1ee26a90efe2','Iron Maiden',NULL,'Rainmaker',5,'OQS5G49w6Mg',51.5587,-0.00717,'United Kingdom',0.522797,0.950304,0.09239448048193143),(819,82,1,'83998f9c-846b-4294-aede-d7735531c901','Edguy','de9915fc-f419-49bc-8402-11ebf62a009a','Rock Me Amadeus',5,'Kwpy1IQTdHY',50.55,9.6666667,'Germany',0.585902,0.977257,0.046884472975662415),(820,82,3,'45a663b5-b1cb-4a91-bff6-2bef7bbfdd76','Britney Spears','178969e5-535b-4103-98d9-0f2217175245','Work B**ch',2,'pt8VYOfr8To',30.814466,-90.428043,'United States',0.596106,0.977704,0.04323648557055777),(821,83,2,'9cdb07de-bd54-4985-9494-849ff7ad95ed','Lori Meyers','b91d97c9-fcfa-4a21-89e3-9c1c525a6dff','Alta Fidelidad',4,'WvHQKYdQBNM',37.1666667,-4.15,'Spain',0.569467,0.953964,0.9789872172324315),(822,83,3,'bc3f048c-0cfe-4d92-b7a9-269e093e2231','Radio Tarifa','f32f4c52-a2e3-446f-be49-005ca0a0d2b3','Ronda De Sanabria',1,'GdM8bpLY34c',39.8949,-2.98831,'Spain',0.094757,0.392251,0.9174668059488582),(823,83,2,'e766f7aa-ca9f-4f84-aaf6-886a2b97db23','La buena vida','b95ede65-72e8-41e9-859f-7444fd385235','La Mitad de Nuestras Vidas',3,'tyizk1IyyjA',43.3174,-1.9794,'Spain',0.413879,0.704751,0.912784344843841),(824,83,3,'f903edb1-fad7-4bb8-8ae8-9ccdd0553cee','Louisa John-Krol','ab62e849-d11a-4e0e-99b4-222f4f8b2b7d','Canto IV',1,'JNzXOaX8LwA',-37.8175,144.967,'Australia',0.030894,0.197297,0.8247714708963326),(825,83,2,'ecf0c4d7-2851-444d-8b60-192c2044a23d','El Niño Gusano',NULL,'La Mujer Potuguesa',3,'AUhyHScUkW8',41.6517,-0.88132,'Spain',0.708049,0.797677,0.7704833477707352),(826,83,3,'c85a8a5b-4d8f-49c7-973d-61a344f8d932','The Bluebells','84716516-26a6-47ac-aeb1-a5fa74484970','Will She Always Be Waiting',2,'M6sm6IWvb-w',56.6529,-3.99667,'United Kingdom',0.614706,0.680413,0.7535686464579722),(827,83,2,'481320f8-fa5d-4a66-aab7-c69541417466','Virginia Astley','69c9ffdd-11e8-4a56-9adc-fa24167d81c1','With My Eyes Wide Open I\'m Dreaming',1,'4mgpejnVMic',27.8429,-82.7025,'United States',0.227401,0.280692,0.7447892086627599),(828,83,2,'52b24c98-4876-4701-8b43-1aa084f1aeb8','Chris Bell',NULL,'Though I Know She Lies',5,'I2dOLQp9FvY',35.1497,-90.0489,'United States',0.264762,0.295536,0.7288672852707824),(829,83,3,'b3edafa8-0a78-40b9-9404-c6fc1920d2be','The Stylistics','92e86a6b-3dc6-4b6e-8b72-f6e83516bc50','Break Up To Make Up',1,'ygTV45X1yGI',39.9523,-75.1624,'United States',0.3328,0.301323,0.6848491810351386),(830,83,2,'857963d5-146c-41ed-b151-51eabd38c5b7','The Sunday Drivers','4dcfc9fc-6411-4acd-a95d-f566a5422601','On My Mind',5,'0F9IPvIvWCM',39.8666667,-4.0166667,'Spain',0.912997,0.720535,0.5710155958658223),(831,84,4,'87c5dedd-371d-4a53-9f7f-80522fb7f3cb','Björk','d61b45ac-2167-4ffd-80f0-7a49ebd6c00b','Black Lake',3,'lHeQgytp270',64.15,-21.95,'Iceland',0.036733,0.222671,0.9957885874925229),(832,84,3,'4c56405d-ba8e-4283-99c3-1dc95bdd50e7','Róisín Murphy','3758f630-0edf-4fd6-bf7a-1203d5cc6ec3','Hairless Toys (Gotta Hurt)',3,'VoHdz_vzf1Y',52.7930556,-6.1413889,'Ireland',0.209332,0.213937,0.9073835641673382),(833,84,3,'3f180da3-4d5e-4678-957c-15ccdb123d84','Gregory and the Hawk','2a88b582-4a70-40eb-9877-3c252ae15492','Whisper the Answer',3,'WtBHEf5_XxU',40.7146,-74.0071,'United States',0.260179,0.372009,0.7476339372928231),(834,84,1,'43706fe2-bf24-4b1b-8d0b-28f8439b3d55','Violadores del Verso','5350e165-676e-4745-bbb7-7c18c9710a1d','MC',5,'bJPZFof4JJo',41.6333333,-0.8833333,'Spain',0.649325,0.496059,0.42867648831123156),(835,84,1,'ab1b3f93-99ba-4a5b-868f-e412ab0a57fb','Ojos de Brujo','c2cd815a-863d-44de-96aa-2f5e2d307e39','Corre Lola Corre',3,'lLGcjLdvK3A',41.3856,2.16874,'Spain',0.540369,0.654409,0.35727683935245025),(836,84,3,'69b39eab-6577-46a4-a9f5-817839092033','Kasabian','75ee187d-c59d-4301-ba43-ab9ca385ef98','L.S.F.',3,'yYYp5-mGQRI',52.638,-1.14043,'United Kingdom',0.392674,0.754375,0.3559442087664773),(837,84,1,'cf13ed42-3d7b-4aca-8872-8159fdc901f3','Fler','bbcb9372-14ef-4a50-a1ea-3ba622b4fb64','Stabiler Deutscher',4,'Nq8RNBTLLis',52.5161,13.377,'Germany',0.426347,0.842874,0.2636204510063335),(838,84,1,'7d6d748f-13fc-4f9c-adc8-087d34c4bdef','Mala Rodríguez','6318f70e-44d4-4f16-9515-c6bbac079324','Lluvia',5,'W4FTV416A0M',27.75,-18,'Spain',0.484665,0.880759,0.19976192659477557),(839,84,3,'a47c3aa2-7d87-475c-a2c7-1e2047dafb09','Gnarls Barkley','ba6a1e79-e5c7-4ed5-aecd-2f4c8c3ff4ab','Going On',4,'u_R9fId_Rqo',33.7483,-84.3911,'United States',0.47882,0.897173,0.18934042798317008),(840,84,1,'ff463728-eb60-433b-9a6d-a64f228a1325','Pachamama Crew',NULL,'Alien',3,'Xx1MtqcS6vQ',37.6579,-4.92403,'Spain',0.63228,0.880238,0.11837020246598877),(841,85,4,'819eaeb2-8dd8-48a5-ad07-0bcd137985ef','Antonín Dvořák','2e107c45-6243-46f2-9fe7-1276bc8e40b5','Symphony No. 9 in E Minor, Op. 95, \"From the New World\": II. Largo',2,'Aa-aD0SdxTY',50.2666667,14.3,'Czech Republic',0.035767,0.009061,1.2159498),(842,85,4,'0e85eb79-1c05-44ba-827c-7b259a3d941a','Felix Mendelssohn',NULL,'Piano Concerto No. 2 in D Minor, Op. 40, MWV O11: II. Adagio - Molto sostenuto',2,'20BC13y0W6Y',52.5166667,13.4,'Germany',0.049457,0.015106,1.2013708),(843,85,4,'85d783d6-6795-4726-b817-9d83095ad7be','Jules Massenet',NULL,'Les Mains (The Hands)',2,'afabqbtgkmE',45.55,4.8,'France',0.061044,0.059073,1.165721),(844,85,4,'f91e3a88-24ee-4563-8963-fab73d2765ed','Franz Schubert',NULL,'Piano Sonata No.20 In A, D.959: 4. Rondo (Allegretto)',3,'Zf7uEULDWxU',48.2025,16.3688,'Austria',0.096704,0.085328,1.12144),(845,85,4,'9ddd7abc-9e1b-471d-8031-583bc6bc8be9','Pyotr Ilyich Tchaikovsky','e1197bda-2db4-4219-b4d5-ff217be98958','1812 Overture',3,'N0cpKzDoOdA',57.0513,53.9858,'Russia',0.081658,0.165449,1.0854042),(846,85,1,'d911ca90-7786-4ea5-ad4f-8b7e0ae2ca6b','In-Grid',NULL,'C\'Est Si Bon',3,'WaB-7246Bpw',44.9171,10.6543,'Italy',0.418373,0.547978,0.5865148),(847,85,1,'bbf594b2-4c13-4408-979d-7d934a837f2d','Pryda','67634e1c-8a60-4aa4-ae1a-93e82421799a','Muranyi',4,'MDKuH8AZT0w',59.4441,18.0734,'Sweden',0.369324,0.650009,0.5645353999999999),(848,85,1,'2e9a4293-a324-45f9-97a7-4b192a12430a','The Wanted',NULL,'Glad You Came',4,'2ggzxInyzVE',51.5063,-0.12714,'United Kingdom',0.536709,0.504875,0.5177077999999999),(849,85,1,'302bd7b9-d012-4360-897a-93b00c855680','David Guetta',NULL,'Dangerous',4,'EVr__5Addjw',48.866667,2.333333,'France',0.430434,0.747182,0.4573436),(850,85,1,'0ab49580-c84f-44d4-875f-d83760ea2cfe','Maroon 5','a24974c0-9da0-4f02-b59b-b209e81e2ede','Maps',4,'NmugSMBh_iI',33.973951,-118.248405,'United States',0.846494,0.704337,0.15020260000000007),(851,86,1,'d5759851-f210-455a-89ef-d569d4739a83','Bigelf','3c17ee92-b4d1-4837-8eb5-5a36fb899598','Neuropsychopathic Eye',2,'XrkT97tquVc',34.0535,-118.245,'United States',0.343219,0.720085,0.7891147843271176),(852,86,1,'f443a331-2623-4d50-8797-bfb204850253','Pure Reason Revolution','30e04db7-6712-4893-9c3d-391601c2bce8','Avo',3,'7rXcXFpdShY',54.3141,-2.23001,'United Kingdom',0.440483,0.64439,0.6804627555438423),(853,86,1,'cee3f961-4197-483b-a3ad-73242a97eb4a','Mogwai',NULL,'Hungry Face',3,'BYSdLYmfQG4',55.8578,-4.24251,'United Kingdom',0.36438,0.607388,0.6775268638796178),(854,86,3,'b4bba748-b18c-4c8a-b065-0567119c00bb','Tonto\'s Expanding Head Band','7f96b1de-799b-46b6-968b-03d8ad2692c3','Tontomotion',4,'a4mhOmPHHjc',54.3141,-2.23001,'United Kingdom',0.366885,0.410181,0.49627058487254805),(855,86,1,'5e2e050f-7280-464e-b251-0a1272c43300','Six by Seven','cf7a70f9-a39f-48a3-ba4b-da7ea9358e73','Bochum',2,'shkP53PLCHc',52.9533834,-1.1487384,'United Kingdom',0.581515,0.482569,0.4753337937348266),(856,86,1,'1695c115-bf3f-4014-9966-2b0c50179193','Muse',NULL,'Endlessly',4,'rQuExgINlSQ',50.5462646,-3.4951629,'United Kingdom',0.64158,0.470669,0.4400833119653611),(857,86,3,'4137c070-15b2-4d00-a9f0-3517d02a9ba8','Camille Saint-Saëns',NULL,'Samson et Dalila : Bacchanale',4,'ctwsOKIQ81k',48.866667,2.333333,'France',0.371145,0.295337,0.3895788003715146),(858,86,1,'bd513de0-e42f-425e-ae46-817d7bc5fb1c','Archive','7754a2e9-4e2a-4f35-be1d-2cb805750ec9','Pulse',2,'UeKRByMAcGw',51.5072648,-0.1278328,'United Kingdom',0.514482,0.35313,0.38423337521011797),(859,86,3,'576134a6-9f1f-4bfa-af04-4848195849ca','King Tubby',NULL,'Declaration Of Dub',4,'etJYj5JE6NA',18,-76.8,'Jamaica',0.606312,0.392063,0.3825521233861188),(860,86,3,'b09b5127-c62e-4bb2-b790-1e4aa18749ed','Armand Van Helden','c4510fee-27ca-45a8-9ac9-ca19f8f5b6a8','Ultrafunkula',2,'NCfjFo0Ft3s',42.370567,-71.026964,'United States',0.462406,0.323848,0.3786031338230705),(861,87,3,'aea9b5e5-baa1-4abd-8481-a5b85a735b4a','Ben Monder','6c5c8671-da5d-4976-b567-ba2c2d4360a5','Don\'t Look Down',2,'s_nzpERrBuc',40.7146,-74.0071,'United States',0.170777,0.539536,0.6731313528526702),(862,87,2,'c85cfd6b-b1e9-4a50-bd55-eb725f04f7d5','Avicii','b437fbda-9c32-4078-afa2-1afb98ff0d74','Wake Me Up',5,'IcrbM1l_BoI',59.3322,18.0624,'Sweden',0.217155,0.55369,0.6317532087516028),(863,87,2,'4a00ec9d-c635-463a-8cd4-eb61725f0c60','Deadmau5','805bce83-a2df-45c8-801f-a0b1fc1b98ad','Ghosts n Stuff',4,'QV8eiSA4vqc',43.6486,-79.3853,'Canada',0.170619,0.670331,0.5754357067450003),(864,87,3,'35424b33-ae1d-4a35-9005-ba3583453466','Jay Gordon',NULL,'Stretchneck Lill',2,'8_RMex4yRQo',34.0535,-118.245,'United States',0.526398,0.567693,0.4159475938005629),(865,87,2,'261b028a-d4dd-4992-87ec-cdc72ccb52a2','Drowning Pool',NULL,'Tear Away',2,'gCSs5QggRUk',32.7781,-96.7954,'United States',0.43953,0.662532,0.40271244733200195),(866,87,2,'aabb1d9f-be12-45b3-a84d-a1fc3e8181fd','Tiësto',NULL,'Wasted',5,'AmEIemQfk34',51.5666667,4.8,'Netherlands',0.357454,0.741291,0.39831909631878337),(867,87,2,'29ed4a49-fb99-4a5c-8713-609cabe6f34a','Kaskade','ce1d8672-745e-41db-ac8b-cc0b2027e014','Angel On My Shoulder',3,'hChhgMT5wq0',41.88531,-87.62213,'United States',0.320259,0.832107,0.3551096071602723),(868,87,2,'448579df-6b71-4c98-a8ba-5f8be40f2b90','Disturbed',NULL,'Stricken',4,'3moLkjvhEu0',41.850033,-87.650052,'United States',0.286814,0.969225,0.27478832289555355),(869,87,3,'6b368788-8e13-4e6d-8922-bca0fc780400','Whale',NULL,'Born To Raise Hell',2,'_qhaJRpOtSY',62.1984,17.5514,'Sweden',0.588033,0.826952,0.18116428456906103),(870,87,3,'ee90d1b3-a4e2-4d18-9092-111d856e7e7a','Say Anything','1a7e98df-5fbc-4ce9-b7a7-5ec0bd1f9c12','Alive With The Glory Of Love',3,'I7rYZjv3wNg',34.0535,-118.245,'United States',0.628626,0.915601,0.0879245004770051),(871,88,1,'95e9aba6-f85c-48a0-9ec9-395d4f0e3875','Trentemøller','4c1fddcc-0f0e-42a1-8ea4-efba8f50b553','Take Me Into Your Skin',4,'Z0XwOjSpdbc',55.6666667,12.5833333,'Denmark',0.077963,0.418119,0.6671616760864174),(872,88,4,'6f2f87e7-3ce9-4f1c-81dd-6f068a78cf26','The Microphones',NULL,'the Glow pt. 2',2,'9Sgq8l1m9W0',46.984767,-122.869079,'United States',0.10025,0.410005,0.649147799265862),(873,88,1,'e4f6fdb4-8b31-4947-848e-5b6586ad4b60','David August','a211c099-4d11-4032-bc3f-d927e4fb2826','You Got to Love Me',4,'bSI5MI_oyXw',53.5533,9.99245,'Germany',0.175257,0.398833,0.5828514197087372),(874,88,1,'a5f92d47-b562-4582-b267-71963a515f4c','Paul Kalkbrenner','19a856ff-300b-415e-b2a9-e825712098cd','Aaron',5,'p450mjB3mxc',52.5166667,13.4,'Germany',0.185218,0.468852,0.5489189120769998),(875,88,4,'24f4bc88-cc47-4cce-875e-abb1950d0ef2','Bill Orcutt','b5de3e97-3dcb-4f7d-bb59-583cf149f288','Cold Ground',1,'qIDdNVkz898',41.387564,-84.112552,'United States',0.195406,0.469275,0.5392321125091603),(876,88,4,'bd53f9a7-8be9-46b0-bf7d-1deea3cb57bc','Robert Plant','854c95cc-a672-4a63-826b-13e60e1e62ba','Satan Your Kingdom Must Come Down',5,'NSaYpgjy-94',52.383333,-2.25,'United Kingdom',0.279158,0.281521,0.5268050270157991),(877,88,1,'a03affe5-47af-48c4-9b8e-67654fa318ec','Umek',NULL,'Is It?',2,'VOpGU7MO4xw',46.0512,14.5031,'Slovenia',0.243757,0.53146,0.4721114798258661),(878,88,4,'f94db5b3-9260-4e81-9d35-6806e50c713f','Marlena Shaw','d24e9542-d154-4ef2-8fa8-651064eafc9b','Stormy Monday',2,'v9ykcjX3s7Q',40.91757,-73.784858,'United States',0.289332,0.433201,0.46397485596912946),(879,88,4,'c9c2342e-83e9-4a73-8b62-f38d99cd8050','Josephine Foster','4270ed14-fbc9-414e-86a6-52ed5a3fd303','Sugar Pie I\'m Not the Same',5,'q92xZE6id1g',39.0646,-105.3272,'United States',0.3717,0.297131,0.4346801030432868),(880,88,1,'ac421b46-b57d-4509-96a9-7af0bcbfd8bb','Jesse Somfay','e547370a-932b-437d-9e70-4ad3b91a1203','My Sunset is Missing',4,'ZZi6AvE8PTM',46.8127,-71.2194,'Canada',0.531036,0.371006,0.2595455707742672),(881,89,3,'95c2339b-8277-49a6-9aaf-08d8eeeaa0be','Little Richard','29cd0236-479e-4f55-a0cd-f7e36b22162a','Rip It Up',5,'pc_F3PaYgl0',32.804382,-83.617554,'United States',0.969371,0.621896,0.7054360202827196),(882,89,3,'fd9cdeb8-5436-46a7-8e17-4ee900219246','Branford Marsalis','00d6d225-f761-4d91-a0a3-052e25309a98','Three Little Words',1,'ho6SGnfTBl0',29.9544444,-90.075,'United States',0.708072,0.463084,0.6504613175178963),(883,89,1,'18c2200e-0acf-4ef9-95c9-ff797a23214b','Billie the Vision & the Dancers','bdc6f631-79c7-4809-a8c2-080aaefe12fc','Summercat',5,'JWWQUHRPb3g',55.6,13,'Sweden',0.817909,0.718624,0.5325025929575052),(884,89,1,'91e617ef-bf31-479c-abc5-0df20cf5365f','Eli Paperboy Reed','8cb1f349-760a-4bc7-8d75-697e21804fc6','Come And Get It',3,'J5_p3iLqChQ',40.694481,-73.989319,'United States',0.808745,0.774511,0.48465141576434856),(885,89,3,'c42d7b98-e57f-4ff2-86f2-bc77b51d3c1e','Truth Hurts','b34c03e7-39d5-4ebb-a65c-039fd49b730f','Next To Me',2,'WopwMnuKkI4',38.6277,-90.1995,'United States',0.442192,0.475485,0.4645043610666759),(886,89,1,'e0861455-8ce3-4d7d-a73e-41b1bd339f69','Román',NULL,'Siluetas',2,'7kDJqh8pPFg',41.3856,2.16874,'Spain',0.552924,0.632114,0.42105109768485394),(887,89,3,'76c9a186-75bd-436a-85c0-823e3efddb7f','Janis Joplin','6dfebc73-f2cc-45c5-9d9a-bab9d533b4fc','Get It While You Can',3,'blGnTHyWbIA',29.8993,-93.9294,'United States',0.335725,0.445972,0.41580520994733383),(888,89,3,'9072df14-b61e-42e2-b4f4-6bbb7fdb5586','Tina Turner','f315b01b-ad71-45d0-a42a-b53fde6e2721','Goldeneye',3,'8bVJJyMlEhI',35.610611,-89.273232,'United States',0.356186,0.668862,0.2628492526970786),(889,89,1,'e9df219b-298e-4c8d-a7fe-2f4ab8a49569','Action Toolbelt','961183bc-6084-4989-8864-97655f9abd81','At My Expense',2,'I85HJ8w9UJg',40.7146,-74.0071,'United States',0.467687,0.78629,0.24919975495580593),(890,89,1,'9cdb07de-bd54-4985-9494-849ff7ad95ed','Lori Meyers','b91d97c9-fcfa-4a21-89e3-9c1c525a6dff','Alta Fidelidad',5,'WvHQKYdQBNM',37.1666667,-4.15,'Spain',0.594615,0.947976,0.21273071783976122),(891,90,3,'197db30d-0886-41ad-908e-c9dd70e62739','Chrisette Michele','4c37c9dc-8525-4d62-8752-56ed8b83fc9a','A Couple Of Forevers',2,'Ng0svHgAZB4',40.78193,-73.196148,'United States',0.163924,0.469838,0.8731013634849049),(892,90,3,'02349767-d5ac-4528-892d-17b6d40107a1','Anita Baker','386e5fa0-2aa8-48d3-885c-3e99d137403d','You Bring Me Joy',1,'MCsgczgxSQo',42.3317,-83.0479,'United States',0.187883,0.497172,0.839447645996342),(893,90,2,'294a6e1b-506e-423a-911a-bc2eca42a7dc','Jack Greene',NULL,'Statue of a Fool',1,'tqnWpphtvsg',35.7536,-83.9736,'United States',0.302427,0.29155,0.8289533317643402),(894,90,3,'bf6c29f5-b69f-4842-9031-37f9645d365d','Carole King','4f9ea38e-d846-46ac-9867-6b2757e2b2d0','You\'ve Got A Friend',1,'GUw8zQQ-Auw',40.6551,-73.9489,'United States',0.463975,0.260719,0.6982484502755448),(895,90,3,'c19ff12b-058f-44a8-b245-b0efb4752925','Smokey Robinson','90413d3c-ea66-45bf-8b23-b54c44f3dfd4','Quiet Storm',1,'iCZ22D2SRD0',33.973951,-118.248405,'United States',0.385407,0.637728,0.5999182553921827),(896,90,3,'b83bc61f-8451-4a5d-8b8e-7e9ed295e822','Elton John',NULL,'I Guess Thats Why They Call It The Blues',1,'h6KYAVn8ons',51.5968712,-0.3770142,'United Kingdom',0.60924,0.303595,0.5491447542542858),(897,90,2,'3aaceb91-c95d-4c5e-9539-086c5cef2b8d','Harpers Bizarre','7242c2e1-c553-4f09-b933-9b240428590f','59th Street Bridge Song (Feelin\' Groovy)',1,'Dz4mgJRB4yY',36.974,-122.031,'United States',0.588454,0.378517,0.5342301808443622),(898,90,2,'c4df30f5-5487-4806-9189-b69c9f27532c','Carly Simon','9efccd92-2ef7-40f1-8b8a-7ae7007b634d','Anticipation',2,'4NwP3wes4M8',40.714269,-74.005973,'United States',0.570267,0.437428,0.5241513280425798),(899,90,2,'b84dfb67-c437-4ccc-b512-1073fd4612eb','Ray Conniff','f1eb168a-93ed-4325-a495-e4fb1b780851','\'S Wonderful',2,'80A5yD4EbwY',41.938976,-71.302297,'United States',0.662542,0.643968,0.34925056297850116),(900,90,2,'2ef6cec2-fee0-40d9-9107-2ce5e7f4ecd8','Guus Meeuwis','6e97300f-97f8-4eb2-94e5-7eb6bb05ec66','Proosten',3,'VxAgy55PjiM',51.5407,5.57091,'Netherlands',0.707107,0.638954,0.3116327441794267),(901,91,3,'ddcfbdcf-cf8d-4776-8a69-10f39376b5a2','Lead Belly','9bdc8d85-3f75-4132-a32c-8b0b34d3ba75','How Long',4,'NvikvMs9ovk',32.6869,-93.9584,'United States',0.65397,0.405383,0.5790042031940441),(902,91,2,'ae5077a5-bbcc-4195-b2a4-bd7cd4712f5a','Rowland S. Howard','5b30606c-55c0-4b46-8f6d-af56c2051ad4','Pop Crimes',4,'-HgjwFtX2Lk',-37.8175,144.967,'Australia',0.532264,0.691509,0.5656150893586956),(903,91,2,'5837d14e-4d18-49cf-a759-e5818714bce4','American Music Club','25200eb1-ddce-4796-9d6f-0ccf38f6031b','Sick Of Food',3,'vuDFpahbuDs',37.7796,-122.42,'United States',0.542381,0.653276,0.5616504806567465),(904,91,3,'61653550-fd9b-4401-8248-44f2d064d384','Superchunk','54f7cf5e-f997-4108-8ab1-5a703772ff81','What Can We Do',3,'JKIY0zeFhZQ',35.850295,-79.023205,'United States',0.421318,0.734682,0.4769182899649279),(905,91,3,'5c4c90a4-539f-4101-83cf-301bc6a94e06','Hüsker Dü','1cdd1e1e-c089-4cf7-bb94-f760f373ee78','Too Far Down',4,'qoxflJFTgl4',44.8793,-93.1987,'United States',0.524054,0.40439,0.4570261072222996),(906,91,2,'8eae1e0a-1696-4532-9e3c-0a072217ef4c','Drive-By Truckers','ed8f988d-6605-40f0-970b-c29eb51993f5','Women Without Whiskey',4,'bzK1ZspkjAQ',33.992902,-83.353697,'United States',0.404677,0.614377,0.419059789803782),(907,91,2,'0ab49580-c84f-44d4-875f-d83760ea2cfe','Maroon 5','69a76314-be3f-499c-84fd-4c564694cc67','Daylight',2,'Wg9Urm2_7xQ',33.973951,-118.248405,'United States',0.322427,0.707085,0.3746367362104952),(908,91,3,'cbd827e1-4e38-427e-a436-642683433732','Woody Guthrie','4f37e8d8-96fd-462f-b1e1-93ac31c2ce84','John Henry',3,'66r3zZoO4dQ',35.462681,-96.430286,'United States',0.218514,0.374105,0.1603323038295235),(909,91,2,'337e30b6-3dbe-44f2-a3fd-84a80abdb5a1','Blutengel','1e11701d-9482-4a24-9a72-8dc98a597458','Stay',4,'NsNfAhJB9tk',51,9,'Germany',0.086282,0.670231,0.140602921038883),(910,91,3,'64624b6c-5880-4226-9387-182ca6bfa81d','Decoration','944284ce-bafe-4245-ab1b-760886c028c6','Vaseline On The Lens',3,'2DvV_g0bG0w',51.5063,-0.12714,'United Kingdom',0.039372,0.414341,0.006757328211288585),(911,92,3,'d7a3a832-05bf-4aae-a3f7-572e298ce88d','Om',NULL,'Bhima\'s Theme',1,'B9wvOCaDIR0',37.7796,-122.42,'United States',0.08774,0.631879,0.8564410210058488),(912,92,1,'8c57c42f-9e29-4a40-8149-858d0c2f410b','Vedera','26e31434-cb61-4636-9274-24f617526879','Still Standing',3,'R19d-UCCbrM',37.1679,-95.845,'United States',0.34223,0.746227,0.7729640676838521),(913,92,1,'d9c7e489-54c0-413b-b7a5-4af14a2fd305','Th\' Faith Healers',NULL,'Not A God',1,'Ihe-QRKymQQ',51.555,-0.17348,'United Kingdom',0.160563,0.458746,0.678628755842642),(914,92,1,'009c1bb4-de13-430d-bb62-dff6e0e3bb07','UUVVWWZ','723f0671-f6b4-4fc6-9ef2-283b4e6c7444','Castle',2,'j1bCuLNk4vw',40.8136,-96.7077,'United States',0.064441,0.348479,0.660002074299936),(915,92,1,'eca5dd0e-edc7-4658-85f0-762e263b4acd','Juana Molina','c537793e-0371-4720-bf84-a27e560d5c1c','Wed 21',3,'e0A3wkGK3mM',-34.5875,-58.6725,'Argentina',0.50097,0.634895,0.5843145960497066),(916,92,3,'0efa1646-360b-45b8-bd00-29ae7c0ffc34','Arve Henriksen','268ab43f-b66e-43ed-917c-4bcf53d39eda','Saraswati',4,'FISFwcOz41U',62.3078,6.92775,'Norway',0.158235,0.321515,0.5775615234880811),(917,92,1,'9cdb07de-bd54-4985-9494-849ff7ad95ed','Lori Meyers','a8d180fa-fadb-48f5-b072-40d6f3ef3275','Enhorabuena Eres El Que Tiene Más',4,'dFpwd1q-RmU',37.1666667,-4.15,'Spain',0.353169,0.446027,0.541229327319496),(918,92,3,'f2d13d28-6f74-4dd5-b596-8bd0b6f67615','Jack DeJohnette','832a9ca8-93b0-4a18-8d1a-f8cf98deec8a','Dancing',0,'U-vc6AUeLi0',41.8842,-87.6324,'United States',0.625155,0.659734,0.5204297872611889),(919,92,3,'6c4d81f8-8a34-4cda-9a4b-538c539b50f4','Tower of Power','296d9508-afe0-4e73-b361-25c9b36fe347','Below Us, All The City Lights',3,'DZpbkbi7BfM',37.8051,-122.273,'United States',0.262267,0.327998,0.5133326529459974),(920,92,1,'95eb13f5-6caa-4778-af62-59632ee90eaf','TV-Resistori','ec493445-6a7a-4276-b578-7f4479cb9ed1','Kerro poika',4,'3kq9M05Hstc',64.9501,26.0674,'Finland',0.514647,0.253557,0.29009177598499186),(921,93,3,'6285a40e-f315-4e03-a991-607af695b12c','Berrogüetto','c1bbe69b-b39b-47c8-b130-a5686a236cb9','Alalá da Noite',3,'fxp7q02idv4',39.8949,-2.98831,'Spain',0.398053,0.324161,0.9050403811946042),(922,93,1,'a47c3aa2-7d87-475c-a2c7-1e2047dafb09','Gnarls Barkley','aa6c54d3-226b-47d6-85b9-2adf3e22ebaf','Crazy',5,'bd2B6SjMh_w',33.7483,-84.3911,'United States',0.646036,0.610644,0.5261706283461428),(923,93,3,'7fcbcd27-33bc-4c40-bb45-5e3927004fac','Luar na Lubre','3e48706a-9bdd-423f-a415-d0d49fec306c','Galaecia',3,'ebQfJ5xSLD4',43.3666667,-8.3833333,'Spain',0.806447,0.506274,0.49755950061426146),(924,93,1,'271973a1-7177-4bcf-9a01-ac75d3691035','Nneka','a5e961cd-a4b8-47c4-9f76-8fdeb1a30d30','Heartbeat',5,'6ivg3J3h5Ps',5.50994,5.75368,'Nigeria',0.663863,0.651342,0.48391235519831777),(925,93,1,'f57ceb78-1e1d-427e-8fad-30d63acf9d4a','Mims','1a79f02c-fab7-4aa1-b184-8eba08472d4d','Move (If You Wanna)',4,'NBwb6qOXhp4',40.714269,-74.005973,'United States',0.745604,0.639053,0.43877431377321496),(926,93,3,'e509d0ba-0e9c-491e-b93f-148d816eb1a5','Fía Na Roca','5bc31dca-6aa4-49c5-93ff-6fba7ddcd098','Baile De Pandeiras',4,'7uCXp_wZNJE',39.8949,-2.98831,'Spain',0.8526,0.665793,0.34768887757569855),(927,93,1,'1812cbb0-b1e1-4e89-9a31-cd5fdf95dd50','Joyo Velarde','d0468b30-93e5-4d24-9a3f-88b79e8f5b28','Mama\'s Got a Brand New Swag (So Exquisite)',3,'nXjvxOR5AKQ',37.9156,-122.312,'United States',0.559545,0.946448,0.3327205114260265),(928,93,3,'3d9ba6f0-c4ed-450b-a150-37e2ebf13e77','Carlos Núñez','ca9fd8c8-9f0a-42df-8f87-afde6492e301','A Orillas Del Rio Sil',2,'V3fhUGS4n8w',42.2212,-8.73322,'Spain',0.745203,0.821892,0.3024153816661567),(929,93,1,'a8ebde98-7e91-46c7-992c-90039ba42017','De La Soul','168162c9-5d07-46d7-8f13-7906382e6da4','Eye Know',3,'z1CaN4thI5w',40.6786,-73.4185,'United States',0.84394,0.749309,0.29103701268238236),(930,93,1,'149f91ef-1287-46da-9a8e-87fee02f1471','Pharrell Williams','84e0e94c-d11f-400e-b273-b90d5d22f753','Our Father',4,'y0i9w0bkTxQ',36.844004,-76.12036,'United States',0.846133,0.803285,0.2492463929687853),(931,94,3,'2d476558-a49f-4fd4-aac1-4fbb2214be6c','Midori',NULL,'Caprice in A minor, Op. 1, No. 24',4,'PZ307sM0t-0',34.6666667,135.5,'Japan',0.376323,0.062829,1.1036862052014604),(932,94,1,NULL,'Fytch',NULL,'What If I Told You',3,'qEU0NV0hRG0',52.0833333,4.3,'Netherlands',0.105194,0.623757,0.8987673671203801),(933,94,1,NULL,'Kredo',NULL,'Agony',4,'DG0-liouUro',-6.91242,107.607,'Indonesia',0.033287,0.70456,0.8924769451949446),(934,94,1,'e174449c-ee54-40b3-b3d8-73ffd7235ce9','Klaypex',NULL,'Rain (feat. Sara Kay)',2,'7zuAOomfiCc',25.753332,-80.270379,'United States',0.07211,0.841425,0.7682467690218424),(935,94,5,'102045e3-577c-4b10-b01b-424b7e461094','Roger Miller',NULL,'Oo-De-Lally',4,'RXjwH2plm00',32.775409,-97.435599,'United States',0.621324,0.308777,0.756532838084706),(936,94,3,'9a4bb654-35c5-4c88-8460-39d5bb01aa57','Jordi Savall',NULL,'Concerto I, en Fa Majeur, BWV 1046 - I. [Allegro]',2,'Wo3ArJAI9TQ',41.5833333,1.6333333,'Spain',0.651003,0.305226,0.7380575521058639),(937,94,1,'02839289-8168-4592-9d2c-11b077125aef','Savant',NULL,'Mother Earth',5,'ftjF9gp1x1I',31.1801,-91.8749,'United States',0.135394,0.846098,0.7201939134927482),(938,94,1,'733c6e6f-0306-403e-9243-82b16a4f82d8','Excision','0906bc64-d820-491a-b725-48b5f025f454','Shadowflame',1,'W6JCGCYbpE0',49.8868,-119.497,'Canada',0.177206,0.968424,0.6041308206423507),(939,94,1,'c1286e7f-2af7-4a84-86fe-ef6ec19dbb7c','Popeska',NULL,'SuperBestFriends',3,'usuCf3w7M_8',33.844371,-84.47405,'United States',0.408123,0.839258,0.5321819985498383),(940,94,5,'51013eb4-dcd1-4fd2-945c-e5cf1eb85e84','Casting Crowns','353496c0-74e4-42fe-ac3d-1c70e9689e95','All You\'ve Ever Wanted',1,'Ea-uQFPcvaM',29.194,-81.047652,'United States',0.624318,0.850631,0.3712671225687779),(941,95,1,'cc197bad-dc9c-440d-a5b5-d52ba2e14234','Coldplay','24b9c8ee-ad12-4705-9e30-d2799a718dcc','Charlie Brown',5,'zTFBJgnNgU4',51.5072648,-0.1278328,'United Kingdom',0.355146,0.774058,0.6803582073855887),(942,95,3,'60a14c16-ac69-4898-b0cd-12cb87e327c9','Duncan Dhu','ff2365fe-4434-4e78-b456-7452586d91e2','En Algun Lugar',5,'H1eAvX-8g08',43.3174,-1.9794,'Spain',0.437447,0.85884,0.665358487327861),(943,95,3,'38b511a2-76fa-4a1e-9b7a-e2a6efa6399b','Jarabe de Palo','f0a42a09-814f-4c0a-959e-9139cebb7fd8','Dos Días En La Vida',5,'ixEjXpfOfXQ',41.3856,2.16874,'Spain',0.465258,0.712372,0.5552529998538761),(944,95,1,'07196030-e7d2-427b-99a8-0b5ae68bb3b7','Creeper Lagoon','50a6838c-0354-4c43-a58e-ebae4d84429c','Here We Are',4,'frmlXIyLcbs',37.2719,-119.27,'United States',0.534676,0.723212,0.5062105276569504),(945,95,3,'b681df13-01f3-496b-b213-c9cf730094c1','Esclarecidos','53c2076d-e76c-4429-8855-6824c39db3bf','Cielo (Heaven)',2,'yEZD1TtU1Jo',39.8949,-2.98831,'Spain',0.449831,0.562854,0.47791472112969785),(946,95,1,'eff0f76c-9d4a-4c80-b59e-5b6b5bcd8643','Wheat','50611088-15ed-4e50-8877-547109c3d6a6','I Met A Girl',2,'g6OOiTpSc7Q',41.9009,-71.0888,'United States',0.667637,0.821988,0.45906922982949033),(947,95,3,'3be5dee4-5fa6-45a5-97c2-98914580bafa','Mecano',NULL,'Maquillaje',5,'0i58a74CHPM',40.4203,-3.70577,'Spain',0.931654,0.926758,0.3106595184099769),(948,95,3,'cd103368-a248-44d6-90d7-ed36afda8d7d','Cody ChesnuTT',NULL,'Gunpowder On the Letter',4,'4VOcUy2_hW8',33.844371,-84.47405,'United States',0.953316,0.859124,0.252759383320196),(949,95,1,'c4c8675e-f8dc-4313-b430-8fbc83d8aafc','Kelley Stoltz','0833dd11-99e1-4cde-b6a2-a6fb755114e9','Prank Calls',2,'0agKBmBh8eg',40.7146,-74.0071,'United States',0.7737,0.616369,0.2508716338543749),(950,95,1,'eb5c8564-927d-414d-b152-c7b48a2c9d8b','The Boy Least Likely To','354956a5-298c-4e0e-b8d5-5ea6654c2ece','When Life Gives Me Lemons I Make Lemonade',3,'w54RJYpeHVk',51.768,-0.74399,'United Kingdom',0.964952,0.67961,0.13577496730139546),(951,96,3,'1b15e90d-910c-4be4-99cb-463772a6430f','Fun Lovin\' Criminals','5ab0333f-20f5-439e-a01c-83ae832e563a','We Have All The Time In The World',3,'FwFLwYvq1wQ',40.7146,-74.0071,'United States',0.386126,0.586156,0.6927928),(952,96,3,'111fbeab-6f67-4d9c-b682-acfd0840c68f','Free',NULL,'Be My Friend',3,'fOr1stg9lds',51.5063,-0.12714,'United Kingdom',0.538097,0.645446,0.6067899999999999),(953,96,2,'16da4997-78e1-4837-85f6-9247d10cde1f','Tone-Lōc',NULL,'Funky Cold Medina (Re-Recorded / Remastered)',4,'-lIcIwL8TLY',34.0535,-118.245,'United States',0.809927,0.91441,0.5507044),(954,96,2,'3574a01b-262c-49b6-befc-ac0824d4bc3e','Beulah',NULL,'Popular Mechanics for Lovers',3,'oGA5_4e7e5E',37.7796,-122.42,'United States',0.723576,0.691639,0.4861226),(955,96,5,'ffc35dde-fc40-4009-bb41-a9aedfd2a27c','ALO','5dc52a1e-9d0b-4443-aa4b-d75c26c360f2','Blew Out The Walls',2,'e_NCUJ5nPPM',37.7796,-122.42,'United States',0.720967,0.605744,0.4366727999999999),(956,96,2,'315bd083-892b-4e76-a9f0-91a7408168fc','Cab Calloway','dfc78748-84dd-45e5-a45a-333e4e7a6f03','Everybody Eats When They Come to My House',2,'E03NZOIxGmQ',43.286024,-77.684264,'United States',0.848817,0.494517,0.2676565999999999),(957,96,2,'dbf7c761-e332-467b-b4d9-aafe06bbcf8f','G. Love & Special Sauce','0019c022-bbcd-47aa-be3d-2245af8c5b0d','Baby\'s Got Sauce',3,'cDqADZygseM',39.9523,-75.1624,'United States',0.882977,0.539016,0.267028),(958,96,4,NULL,'Butterfield Blues Band',NULL,'Mary, Mary',3,'RflG4g39amw',41.8842,-87.6324,'United States',0.873028,0.481861,0.24069420000000008),(959,96,4,'37367b2f-69e4-4df2-9e64-75ca6204764b','Steel Pulse','984d9db9-a0b8-4a1f-b54b-bca9ddd4bdc8','Steppin\' Out',4,'FphO_5BZuKk',52.4813678,-1.8980725,'United Kingdom',0.960527,0.560426,0.21783399999999978),(960,96,2,'7c09d8af-895a-4337-bb46-b4b6dcabff10','Ziggy Marley','a25d08ce-816a-4df0-8432-b33a7ecb74ff','Beach In Hawaii',4,'D--ZSSFMsIg',18,-76.8,'Jamaica',0.886178,0.458094,0.21591400000000008),(961,97,2,NULL,'Errol Garner',NULL,'Misty',3,'P_tAU3GM9XI',40.4383,-79.9975,'United States',0.157449,0.358521,1.049367676484272),(962,97,2,'81e07550-d0e2-467e-bc71-44b5d52de8f4','Ohio Players','d65ccdcb-284f-4df4-824e-574fc556658c','Heaven Must Be Like This',2,'x_tHa2AeQh8',39.7591,-84.1944,'United States',0.515035,0.446024,0.7346422263527328),(963,97,3,'66048e5b-160b-4ab1-bc50-fe75338bb909','The Crusaders',NULL,'Street Life',2,'-iVR7WLsvAg',29.7605,-95.3698,'United States',0.58213,0.452329,0.6827405886136403),(964,97,5,'3be5dee4-5fa6-45a5-97c2-98914580bafa','Mecano',NULL,'Hijo De La Luna',1,'MR3vH6U79Ko',40.4203,-3.70577,'Spain',0.588113,0.513302,0.6353955469725138),(965,97,2,'da51d3a0-175f-4caf-8a61-d32357d0efd3','Cristina',NULL,'What\'s A Girl To Do',3,'fvX-Z6b_EZ4',40.714269,-74.005973,'United States',0.474614,0.768644,0.5350973998086703),(966,97,2,'93b34a61-0487-45f5-887d-0f6fe81e6c71','Toby Love','82892d5f-d605-494b-8345-893c69ddc782','Todo Mi Amor Eres Tu (I Just Can\'t Stop Loving You)',4,'_G9_6SCOcuk',40.702898,-74.010241,'United States',0.758776,0.696039,0.38550401050118793),(967,97,5,'d7fd77f6-ea1f-41db-8858-12a0ae143432','La Vela Puerca','1f84388f-5655-46a1-a919-2d71549eb54f','José Sabía',4,'SacTVXa5f5c',-34.8809,-56.1654,'Uruguay',0.719764,0.820007,0.32543104679870355),(968,97,3,'5403bf6e-bc1d-4e62-b31f-926a2bf66a14','Boney M.','57302257-ea8f-4dd4-919b-e2a3cfee6c74','Daddy Cool',5,'s8t3kORoLwU',51.0908,9.85314,'Germany',0.933921,0.615245,0.31878777858945595),(969,97,2,'83a2e0fb-3d9b-46ff-b383-3dde54c15297','Hugh Masekela','f75088a5-6667-431c-99e0-bcf243a3db06','Mama',3,'qItMJfNdpI8',-25.8666667,29.2333333,'South Africa',0.934143,0.709591,0.25191810450620666),(970,97,2,'5d1fbd3a-e00e-41d8-9355-dd42ffa9e9f7','Master Blaster',NULL,'Until The End (Radio Edit)',2,'JmAMnHm1Zx0',51,9,'Germany',0.91496,0.953729,0.0928508985443867),(971,98,4,'67f0c7ca-14e8-47a3-be0e-bd2f2ffe25bb','Mulatu Astatke',NULL,'Fikratchin with Menelik Wossenatchew',2,'1_pKjjnRX7M',7.6666667,36.8333333,'Ethiopia',0.651779,0.114175,0.9411674211329996),(972,98,3,'6e5477fa-8946-4a33-89fe-9f16c0568d12','Ann Hampton Callaway','2c41eeb7-e916-48d3-9027-3487009d6fc5','Let\'s Fall In Love',2,'QByXBiA5urw',40.7146,-74.0071,'United States',0.627473,0.281752,0.7744947144772202),(973,98,2,'0b461f11-c7af-4ddb-a30e-5cb0aabb3e7f','Kristin Hersh','7d45dc91-8a43-4dc8-b93d-3581b1d37fb4','Trouble',2,'5fqIsfZ_rcY',33.7483,-84.3911,'United States',0.389453,0.298988,0.6829407935458064),(974,98,3,'1f72d108-f2dc-44cd-8213-8d3426cc2c9a','Shirley Horn','7a354d74-beda-4931-ab13-341ddb387c02','Something Happens to Me',3,'INsLeBrFPKM',38.8991,-77.029,'United States',0.646454,0.417381,0.6518098013835296),(975,98,3,'f43370e3-6d86-44e7-ae4c-ca098962dcd0','Arthur Russell','26b87ce4-9fa6-4abd-807a-fef7e9781046','You And Me Both',3,'H-OsCG05pPU',41.283366,-92.662675,'United States',0.590907,0.423921,0.6280550999979909),(976,98,2,'828d31c5-d15a-4109-9619-ba350309834b','Chris Whitley','924df133-674a-4b98-9b16-fad1361f5298','Big Sky Country',3,'nRsHNrJIZ0U',29.7605,-95.3698,'United States',0.550519,0.480638,0.5614829399556283),(977,98,2,'ef2c6449-d02b-415b-ad8c-c14c08266552','Sun Kil Moon','ade52977-a721-46bc-8088-f245985b2b6b','Carry Me Ohio',2,'3MtV3d-6Aps',37.784827,-122.727802,'United States',0.521564,0.509129,0.5253031691719926),(978,98,2,'5e9a6985-3b60-476e-ba75-12fbc66918cc','Radar Bros.','f4582af7-eb8d-49c0-b45b-3c1dc879f32c','Morning Bird',2,'PcMvGK0_rl8',34.0535,-118.245,'United States',0.345593,0.540312,0.44012059416744687),(979,98,2,'0452a81f-537a-403d-a8bc-ab7921439bcb','The Stands','c696df01-c205-4b07-8693-db40e5f5062c','Some Weekend Night',4,'6St8fdrCQEQ',53.4098,-2.97848,'United Kingdom',0.365063,0.684383,0.3095805922584513),(980,98,2,'dc0d05ce-2f47-4962-b4fa-8631a0a51987','The Replacements','5f243050-26db-4e22-848d-957a13b0affe','I Will Dare',5,'0cjVMOvJywk',44.979,-93.2649,'United States',0.591502,0.857005,0.21734245712997152),(981,99,4,'b3edafa8-0a78-40b9-9404-c6fc1920d2be','The Stylistics','e31417ad-29c1-43a9-9908-d454b5613c2a','You Make Me Feel Brand New',3,'WogXHXua9Ds',39.9523,-75.1624,'United States',0.219101,0.445271,0.8918818),(982,99,2,'a9100753-f539-43cf-bcc9-579566fb512e','Simply Red','47eb829c-61fe-4a1e-bd0f-4d5e5070f2e6','Holding Back The Years',4,'yG07WSu7Q9w',53.5,-2.216667,'United Kingdom',0.518797,0.450513,0.6552702),(983,99,4,'7fcbcd27-33bc-4c40-bb45-5e3927004fac','Luar na Lubre','f4850f5e-8027-4611-95f7-7228e6e6e1b4','Nau',3,'-KKHEzGJGfA',43.3666667,-8.3833333,'Spain',0.897037,0.730525,0.5206854),(984,99,2,'c3ee2b9c-d315-41c3-b55a-3c1c2b29addf','Acid House Kings','0c2e336f-974a-4b2e-ae30-45e3eef8cce7','Tonight Is Forever',3,'Y1mYCa5I8hA',59.3333333,18.05,'Sweden',0.850686,0.653425,0.5115062),(985,99,2,'edcdf599-860c-4e69-a620-82f3b12b2588','The Actual Tigers','8e3f728f-7146-4ef7-8b41-d4a206c490f5','STANDING BY',4,'TTxEao4K_kY',47.6036,-122.329,'United States',0.884009,0.670066,0.4948324),(986,99,4,'ac550643-5f8a-4d0d-a3e0-d5969b9b641c','Peter Skellern','1fd5554d-01bd-4b05-a109-cf7b0c1b1c98','Hold On To Love',4,'kSYJ4tYpyQ8',53.5931,-2.29491,'United Kingdom',0.786977,0.540323,0.4946122),(987,99,2,'6af15841-1d62-495a-8b52-74eb6d603c5f','Phil Lynott','71861245-4a4f-4ff2-97d5-862f127ee023','King\'s Call',4,'Uys5xNo3TKg',53.3330556,-6.2488889,'Ireland',0.87329,0.63146,0.48024399999999995),(988,99,2,'53578264-7436-437b-87a0-3b034a3661f0','Aztec Camera','f6c1bd5b-e016-4223-ac5e-6babeabd7b17','How Men Are',4,'K8CFCEJ7r-Y',55.8578,-4.24251,'United Kingdom',0.700394,0.350204,0.4498072),(989,99,4,'0c32c3c6-ee44-4fc7-9d35-a5e54d19cb50','Uxía','4b831332-4036-4539-81a6-891becd0c43c','Tua Nai e Meiga',2,'l7bPMyFdy3Y',42.5021,-2.43573,'Spain',0.781375,0.319428,0.3665568000000001),(990,99,2,'62b9eb3e-c470-462d-8d63-9b6cbac13d62','Yvonne Elliman','3f4ce280-1d38-4449-b2ab-19b25c0610df','IF I CAN\'T HAVE YOU',2,'-pgJByML5xY',24.859832,-168.021815,'United States',0.957027,0.429854,0.29229079999999985),(991,100,3,'98ad7a28-1949-4786-b1f6-4fa05b9b440c','Miguel Bosé','cd26bcd4-c468-4af9-99bb-29f71d816527','Te Amaré',3,'yhvy56lZkQ8',39.8949,-2.98831,'Spain',0.422279,0.349115,0.6485211779798358),(992,100,1,'847e8a0c-cc20-4213-9e16-975515c2a926','Céline Dion','10a8f29a-818f-4d6e-98ad-70b42daeaf31','Taking Chances',4,'ZKYKNZvQ6Jc',45.7215,-73.4867,'Canada',0.258665,0.508941,0.6376514657876518),(993,100,1,'8d552dfc-648f-401f-90de-e925013ca537','Leona Lewis','4a607ce9-031b-4fa8-9793-32f9a71a8ae7','Bleeding Love',5,'7_weSk0BonM',51.5072648,-0.1278328,'United Kingdom',0.200223,0.719391,0.5190947855446773),(994,100,3,'4e5e873c-a2e5-4a7b-9928-66aee6ba0646','Najwa',NULL,'El ultimo primate',3,'fnFWDWkZWao',39.8949,-2.98831,'Spain',0.205898,0.767945,0.47902089612162285),(995,100,3,'f8dff62b-2cc1-4ce9-8def-05a45421f3fe','Ana Belén','fb26204d-cb2b-446f-9f94-59996962aa9b','Derroche',4,'XE-LcYSIE2A',39.8949,-2.98831,'Spain',0.595916,0.487644,0.42964394584660437),(996,100,1,'c1ccc784-9f18-4369-96b1-38106419b5ad','Tina Arena','2aec5f59-6857-4bba-9edd-bf893fa3d245','Sorrento Moon (I Remember)',4,'1IBR6mHtgqk',-37.816667,144.966667,'Australia',0.642865,0.633567,0.2893578070881605),(997,100,1,'b202beb7-99bd-47e7-8b72-195c8d72ebdd','Christina Aguilera','3b27dc8c-1e94-45f4-bb48-1e7dedc7ef7b','Fighter',4,'PstrAfoMKlc',40.623632,-74.093323,'United States',0.510279,0.772675,0.2733773987252238),(998,100,1,'fe37acd4-893c-4b2c-8ad2-7fd394280354','Jessica Simpson','e5aa62ea-6022-49bf-a9a2-367a557f40d1','With You',4,'VWl7WjAtBME',32.576489,-99.665323,'United States',0.570105,0.733469,0.26296925102536634),(999,100,3,'38b511a2-76fa-4a1e-9b7a-e2a6efa6399b','Jarabe de Palo','f41a5f34-2f2e-4309-a724-af29364b6c39','Agua',3,'fZJzsMyyDpQ',41.3856,2.16874,'Spain',0.602308,0.819484,0.17726990893898087),(1000,100,3,'8c029aeb-6ecc-4b7e-a127-34265b95929e','Sean Riley and The Slowriders','d2a63746-1477-444f-b923-c329343f4588','Talk Tonight',3,'RSKTsck5VGQ',40.1947,-8.40737,'Portugal',0.639689,0.817589,0.1538661724847175),(1001,101,3,'cb8b5134-e85d-4020-aa5e-93fe24af3c63','Christian Kjellvander','9993b206-2529-47ad-b439-3ac838bc44cf','When The Mourning Comes',3,'_8WsK1aG2BM',59.3322,18.0624,'Sweden',0.375681,0.327398,0.9059823128009095),(1002,101,3,'148d7e7c-3557-4738-b594-8fef13fd7668','Brazzaville',NULL,'The Clouds In Camarillo',4,'b1WWw9wm-rM',34.0535,-118.245,'United States',0.489495,0.380807,0.7983956788275088),(1003,101,1,'daa28d5e-ce7a-4dbb-a493-418b9b22ee10','Ex-Cathedra',NULL,'Directions',3,'isdZHJsb4ig',52.4786,-1.90845,'United Kingdom',0.435186,0.746843,0.5240178121368227),(1004,101,1,'007169b8-82a8-4576-ae21-78e2e7491099','Panda',NULL,'Narcisista por excelencia',3,'UsaLM0t8yDA',25.666667,-100.316667,'Mexico',0.487256,0.891084,0.37512727499459597),(1005,101,1,'fae59483-47cf-4499-aa30-f07c120983dd','Barón Rojo','8a927a0f-c13e-486f-8f4e-920fb6b8ab4e','Los rockeros van al infierno',3,'9og-k5pBe4Y',39.8949,-2.98831,'Spain',0.389409,0.973448,0.3609013615076669),(1006,101,3,'4079f4b8-6746-4418-9e18-33af0e3ee142','Stacy Clark','2380e7df-2911-413b-99e5-5adcb5ce2c4b','Not Enough',3,'luyAxq3n64k',42.8854,-78.8785,'United States',0.695537,0.807575,0.3290267783101275),(1007,101,1,'2ce9eaf7-eb4b-4551-ac36-223a659d8b68','Upstanding Youth','f2e34845-f6db-4b30-a84a-950c0daa97a7','Jimmy',4,'vWk20U0PZQ4',-36.7792,174.746,'New Zealand',0.721054,0.846021,0.28288351083718655),(1008,101,1,'6b37c90e-5077-4097-988f-d64f2eb42f63','Fermin Muguruza','577d2d7e-659d-4acf-a84c-65b1a10371b7','Maputxe',1,'kWDgU41VI1Y',43.3395,-1.79023,'Spain',0.673736,0.935746,0.23449567128589463),(1009,101,1,'2de794c8-8826-48d0-90e0-6900183ba9e0','Ska-P','c19fff11-4e3d-4c0f-a442-3450ed2210db','Mis Colegas',5,'KVoXbiyk124',40.4,-3.6833333,'Spain',0.676848,0.955849,0.21604471319482207),(1010,101,3,'03163617-c888-47d2-bcb0-c163c13a5925','The Bees',NULL,'Who Cares What The Question Is?',3,'RCv03BhOVHw',50.5937071,-1.1977213,'United Kingdom',0.904366,0.856219,0.17268117510333258),(1011,102,3,'df1186b3-6823-41f3-b7bd-9dbaa6f6baf7','Javier Álvarez','b54a1211-894d-4094-abaf-21c15d4bbaa5','Amor En Vena',5,'hv-CsvBtsHg',40,-4,'Spain',0.649987,0.095978,0.9206243990911657),(1012,102,2,'3d65bead-6eae-4012-8665-d5f593ea4a62','Gary Jules','752bada7-822d-4309-911a-6d8ed30eb48f','Lucky',4,'8QNhLobf4ew',32.724103,-117.170912,'United States',0.368733,0.185468,0.6669586755070633),(1013,102,3,'bf24ca37-25f4-4e34-9aec-460b94364cfc','Shakira',NULL,'Moscas En La Casa',2,'_KiRbcvdUCM',10.9406,-74.7797,'Colombia',0.495256,0.31289,0.6556905618535852),(1014,102,2,'e6e879c0-3d56-4f12-b3c5-3ce459661a8e','Jeff Buckley','3156ff92-7e8f-4cd7-9ebc-b11b9373479b','Last Goodbye',5,'BtS0rwQK_pI',33.844983,-117.952151,'United States',0.633861,0.553037,0.5681558967368762),(1015,102,2,'15a6f792-8fb4-425b-82c9-dfac4fa845b9','Serena Ryder','751828a8-fec2-4260-a1a1-3c6954345767','Please, Baby Please',3,'S9FriQ6xOdA',44.3,-78.333333,'Canada',0.220179,0.225547,0.5383512968415641),(1016,102,3,'5d34ed3d-f02f-4552-a9d4-1481f155916c','Josele Santiago','da1fb445-fb33-47a5-aca7-0c16f7f1e50b','En Tu Estampa',5,'cJRvMYNanqk',40.4082,-3.72818,'Spain',0.268015,0.455244,0.39836057491118604),(1017,102,2,'af8bb921-4d67-4f0d-ba17-6215315f92e4','Dirty Three','11735519-50f5-4802-b5b7-5fbe1218b364','Sirena',4,'cFSs8lZUwDY',-37.816667,144.966667,'Australia',0.056292,0.294664,0.3778500689785948),(1018,102,2,'b1d01525-965a-4ffa-a2d4-17623e1d8169','Jay Munly','2b5b464a-dd77-4a5e-a9d2-34a664ffbbd8','Cattle, I Will Hang',5,'qbJFJHBnAM0',37.1679,-95.845,'United States',0.149053,0.398345,0.3619163195456756),(1019,102,3,'a493bb8c-5a6d-44c9-90e4-886e7063dd76','Francisco Nixon','8fd6bce7-51c4-4fc0-9ea3-24c8dd4691ab','Inditex',5,'WCQCq1mUGZQ',43.542,-5.6638,'Spain',0.457215,0.682478,0.35407616569761224),(1020,102,2,'462a9ce0-e1f3-4cbc-a21e-0998003d9386','Anna Calvi','c865c8b1-e853-4123-a352-d2fd49bb8430','Eliza',5,'20gmnV5Xkro',51.4468828,-0.3343411,'United Kingdom',0.309728,0.723131,0.22574806465592412),(1021,103,1,'edccc6cc-a517-4cee-89d1-a8bbc38c66eb','And Also The Trees','958ec5b7-ed5b-4a60-bd90-0b087723af64','Brother Fear',3,'MF3xQbMdKng',52.2,-1.966667,'United Kingdom',0.889754,0.707456,1.1362768),(1022,103,1,'40e1497c-f8d0-4c33-88c4-e079229790e9','Xoel López',NULL,'Ningún Nombre, Ningún Lugar',5,'FEX0Oz9F0yA',43.3702,-8.39674,'Spain',0.848287,0.69451,1.0953356),(1023,103,1,'0f7b0f32-1701-4004-8681-4e16ab1ef80c','The Cinematics',NULL,'Guernica',5,'QpUnMPG1Ysw',55.8578,-4.24251,'United Kingdom',0.708126,0.71327,0.9944628),(1024,103,3,'352453ac-c751-4bd8-ac20-86344a38ac90','The Wailers',NULL,'I Shot The Sheriff',4,'BKR8RoOYy_Q',18.0157,-76.7973,'Jamaica',0.7197,0.640554,0.9600924),(1025,103,1,'d7f5305a-15fc-4af4-a61b-f6f45510cc8f','Bob Mould','99fc093e-f51c-4483-8363-350f881c5b3a','See A Little Light',5,'dDnNr6lNxvc',44.8488,-74.295,'United States',0.837162,0.459498,0.9454284000000001),(1026,103,1,'f3243cd7-3ef3-4e68-b02d-61fcfab3e405','Décima Víctima','1b65baa7-d6ba-4208-b94f-ae1a4a9d0147','Hasta el limite',2,'pNo5DjV2va4',40.4203,-3.70577,'Spain',0.705411,0.562595,0.9018857999999998),(1027,103,3,'e5173fff-a188-40a2-99ca-67fc4cdd5a68','Daniel Darc','c308ef43-bc30-46ac-902c-234f2dc37e92','Comment Te Dire Adieu ?',4,'iGKpA8nka9M',48.6808,2.50261,'France',0.398985,0.617778,0.6898548),(1028,103,1,'c509cddf-aa6a-4fbb-8df3-52556dcedfb0','Airport Girl','8f2afdc9-07de-43cc-82b6-ddda85207ed0','This Could Be The Start Of Something Small',3,'oVgKQCmAZss',54.3141,-2.23001,'United Kingdom',0.35399,0.486972,0.5753752000000001),(1029,103,3,'111fc571-075e-4b95-baed-dfa526fbca5d','Jackie Evancho',NULL,'The Rains of Castamere',2,'eWT9kKS8RBE',40.4383,-79.9975,'United States',0.059116,0.466517,0.32720299999999997),(1030,103,3,'2c948044-de63-401a-8671-1600ed0f69bd','Chloë Agnew','8fa062c5-e5ba-4e2a-a36a-e993d11c9e0d','Jesu Joy of Man\'s Desiring',3,'WHt9T_dITZs',53.4046,-6.30543,'Ireland',0.039449,0.204501,0.15425980000000006);
/*!40000 ALTER TABLE `qbmplaylistinfo` ENABLE KEYS */;
UNLOCK TABLES;

--
-- Table structure for table `qbmsurvey`
--

DROP TABLE IF EXISTS `qbmsurvey`;
/*!40101 SET @saved_cs_client     = @@character_set_client */;
/*!40101 SET character_set_client = utf8 */;
CREATE TABLE `qbmsurvey` (
  `idQbmSurvey` int(11) NOT NULL AUTO_INCREMENT,
  `idUser` int(11) NOT NULL,
  `questionNum` int(11) NOT NULL,
  `likertScore` int(11) NOT NULL,
  PRIMARY KEY (`idQbmSurvey`)
) ENGINE=InnoDB AUTO_INCREMENT=201 DEFAULT CHARSET=utf8;
/*!40101 SET character_set_client = @saved_cs_client */;

--
-- Dumping data for table `qbmsurvey`
--

LOCK TABLES `qbmsurvey` WRITE;
/*!40000 ALTER TABLE `qbmsurvey` DISABLE KEYS */;
INSERT INTO `qbmsurvey` VALUES (1,1,1,4),(2,1,2,3),(3,1,3,4),(4,1,4,4),(5,1,5,2),(6,1,6,4),(7,1,7,5),(8,1,8,4),(9,1,9,4),(10,1,10,4),(11,2,1,2),(12,2,2,3),(13,2,3,3),(14,2,4,4),(15,2,5,4),(16,2,6,3),(17,2,7,2),(18,2,8,2),(19,2,9,1),(20,2,10,3),(21,3,1,4),(22,3,2,4),(23,3,3,4),(24,3,4,5),(25,3,5,4),(26,3,6,4),(27,3,7,3),(28,3,8,3),(29,3,9,4),(30,3,10,4),(31,4,1,4),(32,4,2,2),(33,4,3,4),(34,4,4,2),(35,4,5,2),(36,4,6,5),(37,4,7,4),(38,4,8,1),(39,4,9,4),(40,4,10,4),(41,5,1,4),(42,5,2,4),(43,5,3,2),(44,5,4,3),(45,5,5,2),(46,5,6,4),(47,5,7,5),(48,5,8,3),(49,5,9,5),(50,5,10,3),(51,6,1,5),(52,6,2,4),(53,6,3,4),(54,6,4,4),(55,6,5,3),(56,6,6,5),(57,6,7,5),(58,6,8,4),(59,6,9,4),(60,6,10,5),(61,7,1,4),(62,7,2,5),(63,7,3,4),(64,7,4,5),(65,7,5,5),(66,7,6,5),(67,7,7,4),(68,7,8,1),(69,7,9,3),(70,7,10,4),(71,8,1,4),(72,8,2,3),(73,8,3,4),(74,8,4,2),(75,8,5,2),(76,8,6,5),(77,8,7,5),(78,8,8,2),(79,8,9,4),(80,8,10,4),(81,9,1,5),(82,9,2,4),(83,9,3,5),(84,9,4,4),(85,9,5,1),(86,9,6,5),(87,9,7,5),(88,9,8,1),(89,9,9,5),(90,9,10,5),(91,10,1,3),(92,10,2,2),(93,10,3,2),(94,10,4,2),(95,10,5,2),(96,10,6,4),(97,10,7,3),(98,10,8,4),(99,10,9,3),(100,10,10,3),(101,11,1,4),(102,11,2,4),(103,11,3,2),(104,11,4,3),(105,11,5,4),(106,11,6,5),(107,11,7,4),(108,11,8,4),(109,11,9,5),(110,11,10,4),(111,12,1,3),(112,12,2,2),(113,12,3,4),(114,12,4,3),(115,12,5,2),(116,12,6,4),(117,12,7,3),(118,12,8,1),(119,12,9,4),(120,12,10,4),(121,13,1,4),(122,13,2,4),(123,13,3,4),(124,13,4,3),(125,13,5,3),(126,13,6,4),(127,13,7,4),(128,13,8,2),(129,13,9,4),(130,13,10,4),(131,15,1,4),(132,15,2,5),(133,15,3,4),(134,15,4,3),(135,15,5,5),(136,15,6,5),(137,15,7,4),(138,15,8,3),(139,15,9,5),(140,15,10,5),(141,17,1,4),(142,17,2,5),(143,17,3,4),(144,17,4,4),(145,17,5,4),(146,17,6,5),(147,17,7,5),(148,17,8,4),(149,17,9,5),(150,17,10,5),(151,18,1,4),(152,18,2,4),(153,18,3,4),(154,18,4,3),(155,18,5,4),(156,18,6,4),(157,18,7,4),(158,18,8,4),(159,18,9,4),(160,18,10,4),(161,19,1,4),(162,19,2,4),(163,19,3,3),(164,19,4,4),(165,19,5,3),(166,19,6,5),(167,19,7,5),(168,19,8,4),(169,19,9,4),(170,19,10,4),(171,20,1,4),(172,20,2,3),(173,20,3,3),(174,20,4,5),(175,20,5,3),(176,20,6,5),(177,20,7,5),(178,20,8,5),(179,20,9,5),(180,20,10,4),(181,21,1,4),(182,21,2,4),(183,21,3,3),(184,21,4,3),(185,21,5,3),(186,21,6,4),(187,21,7,4),(188,21,8,3),(189,21,9,4),(190,21,10,4),(191,22,1,4),(192,22,2,3),(193,22,3,4),(194,22,4,3),(195,22,5,2),(196,22,6,4),(197,22,7,4),(198,22,8,2),(199,22,9,4),(200,22,10,4);
/*!40000 ALTER TABLE `qbmsurvey` ENABLE KEYS */;
UNLOCK TABLES;

--
-- Table structure for table `recommendationtype`
--

DROP TABLE IF EXISTS `recommendationtype`;
/*!40101 SET @saved_cs_client     = @@character_set_client */;
/*!40101 SET character_set_client = utf8 */;
CREATE TABLE `recommendationtype` (
  `idRecommendationType` int(11) NOT NULL,
  `name` varchar(45) NOT NULL,
  PRIMARY KEY (`idRecommendationType`)
) ENGINE=InnoDB DEFAULT CHARSET=utf8;
/*!40101 SET character_set_client = @saved_cs_client */;

--
-- Dumping data for table `recommendationtype`
--

LOCK TABLES `recommendationtype` WRITE;
/*!40000 ALTER TABLE `recommendationtype` DISABLE KEYS */;
INSERT INTO `recommendationtype` VALUES (1,'artist'),(2,'style'),(3,'personality'),(4,'cfPersonality'),(5,'cfNeighbor');
/*!40000 ALTER TABLE `recommendationtype` ENABLE KEYS */;
UNLOCK TABLES;

--
-- Table structure for table `sortorder`
--

DROP TABLE IF EXISTS `sortorder`;
/*!40101 SET @saved_cs_client     = @@character_set_client */;
/*!40101 SET character_set_client = utf8 */;
CREATE TABLE `sortorder` (
  `idSortOrder` int(11) NOT NULL,
  `name` varchar(45) NOT NULL,
  PRIMARY KEY (`idSortOrder`)
) ENGINE=InnoDB DEFAULT CHARSET=utf8;
/*!40101 SET character_set_client = @saved_cs_client */;

--
-- Dumping data for table `sortorder`
--

LOCK TABLES `sortorder` WRITE;
/*!40000 ALTER TABLE `sortorder` DISABLE KEYS */;
INSERT INTO `sortorder` VALUES (1,'LRDU'),(2,'RLDU'),(3,'RLUD'),(4,'LRUD');
/*!40000 ALTER TABLE `sortorder` ENABLE KEYS */;
UNLOCK TABLES;

--
-- Table structure for table `style`
--

DROP TABLE IF EXISTS `style`;
/*!40101 SET @saved_cs_client     = @@character_set_client */;
/*!40101 SET character_set_client = utf8 */;
CREATE TABLE `style` (
  `idStyle` int(11) NOT NULL,
  `name` varchar(45) NOT NULL,
  PRIMARY KEY (`idStyle`)
) ENGINE=InnoDB DEFAULT CHARSET=utf8;
/*!40101 SET character_set_client = @saved_cs_client */;

--
-- Dumping data for table `style`
--

LOCK TABLES `style` WRITE;
/*!40000 ALTER TABLE `style` DISABLE KEYS */;
INSERT INTO `style` VALUES (1,'acappella'),(2,'alternative'),(3,'ambient'),(4,'bachata'),(5,'ballad'),(6,'baroque'),(7,'basque rock'),(8,'blues'),(9,'bolero'),(10,'break'),(11,'cabaret'),(12,'catalan music'),(13,'celtic'),(14,'children music'),(15,'choral music'),(16,'classical'),(17,'country'),(18,'cumbia'),(19,'dance'),(20,'deep house'),(21,'drum and bass'),(22,'dub reggae'),(23,'dubstep'),(24,'electro house'),(25,'electronica'),(26,'emo'),(27,'fado'),(28,'flamenco'),(29,'folk'),(30,'funk'),(31,'galician folk'),(32,'glitch hop'),(33,'gospel'),(34,'gothic'),(35,'grunge'),(36,'hard dance'),(37,'hard rock'),(38,'hardcore'),(39,'hardtechno'),(40,'heavy metal'),(41,'heavy rock'),(42,'hip hop'),(43,'house'),(44,'indie'),(45,'instrumental'),(46,'jazz'),(47,'latin'),(48,'lounge'),(49,'mambo'),(50,'medieval'),(51,'merengue'),(52,'metal'),(53,'minimal'),(54,'musical'),(55,'nu disco'),(56,'nu metal'),(57,'old school'),(58,'opera'),(59,'pop'),(60,'pop rock'),(61,'progressive house'),(62,'psychedelic trance'),(63,'punk'),(64,'r&b'),(65,'rap'),(66,'reggae'),(67,'reggaeton'),(68,'religious music'),(69,'rock'),(70,'rumba'),(71,'salsa'),(72,'samba'),(73,'scratch'),(74,'ska'),(75,'soul'),(76,'soundtrack'),(77,'spanish alternative'),(78,'spanish folk'),(79,'spanish hard rock'),(80,'spanish indie'),(81,'spanish metal'),(82,'spanish music'),(83,'spanish pop'),(84,'spanish pop rock'),(85,'spanish punk'),(86,'spanish rap'),(87,'spanish rock'),(88,'spanish ska'),(89,'spiritual'),(90,'swing'),(91,'symphonic'),(92,'tango'),(93,'tech house'),(94,'techno'),(95,'trance');
/*!40000 ALTER TABLE `style` ENABLE KEYS */;
UNLOCK TABLES;

--
-- Table structure for table `user`
--

DROP TABLE IF EXISTS `user`;
/*!40101 SET @saved_cs_client     = @@character_set_client */;
/*!40101 SET character_set_client = utf8 */;
CREATE TABLE `user` (
  `idUser` int(11) NOT NULL AUTO_INCREMENT,
  `email` varchar(45) NOT NULL,
  `encryptedPassword` varchar(128) NOT NULL,
  `firstName` varchar(45) NOT NULL,
  `lastName` varchar(45) NOT NULL,
  `gender` char(1) NOT NULL,
  `age` int(10) unsigned NOT NULL,
  `idEducation` int(11) NOT NULL,
  `idMusicKnowledge` int(11) NOT NULL,
  `persTraitO` double DEFAULT NULL,
  `persTraitC` double DEFAULT NULL,
  `persTraitE` double DEFAULT NULL,
  `persTraitA` double DEFAULT NULL,
  `persTraitN` double DEFAULT NULL,
  `numberSongsPlaylist` int(11) DEFAULT '10',
  `musicPrefRC` double DEFAULT NULL,
  `musicPrefIR` double DEFAULT NULL,
  `musicPrefUC` double DEFAULT NULL,
  `musicPrefER` double DEFAULT NULL,
  `idMusicPrefDimension` int(11) DEFAULT NULL,
  `tsLastModified` timestamp NOT NULL DEFAULT CURRENT_TIMESTAMP ON UPDATE CURRENT_TIMESTAMP,
  `fake` tinyint(1) DEFAULT '0',
  PRIMARY KEY (`idUser`),
  UNIQUE KEY `email_UNIQUE` (`email`),
  KEY `fk_user_education_idx` (`idEducation`),
  KEY `fk_user_musicKnow_idx` (`idMusicKnowledge`),
  KEY `fk_user_musicPrefDimension_idx` (`idMusicPrefDimension`),
  CONSTRAINT `fk_user_education` FOREIGN KEY (`idEducation`) REFERENCES `education` (`idEducation`) ON DELETE NO ACTION ON UPDATE CASCADE,
  CONSTRAINT `fk_user_musicKnow` FOREIGN KEY (`idMusicKnowledge`) REFERENCES `musicknowledge` (`idMusicKnowledge`) ON DELETE NO ACTION ON UPDATE CASCADE,
  CONSTRAINT `fk_user_musicPrefDimension` FOREIGN KEY (`idMusicPrefDimension`) REFERENCES `musicprefdimension` (`idMusicPrefDimension`) ON DELETE NO ACTION ON UPDATE CASCADE
) ENGINE=InnoDB AUTO_INCREMENT=23 DEFAULT CHARSET=utf8;
/*!40101 SET character_set_client = @saved_cs_client */;

--
-- Dumping data for table `user`
--

LOCK TABLES `user` WRITE;
/*!40000 ALTER TABLE `user` DISABLE KEYS */;
INSERT INTO `user` VALUES (1,'user1@emoodsic.es','8E38E0D097FBE1B2099B5D0B4E1B0C32','user','1','M',29,5,3,0.1499999999999999,0.38888888888888884,-0.5,0,0.1875,10,0.03944444444444441,-0.0069861111111111235,-0.039520833333333324,-0.10308333333333333,1,'2015-10-12 07:15:36',0),(2,'user2@emoodsic.es','8A5ACF30592C0E3678C01B36DE3D0FBA','user','2','M',30,3,2,0.5,0,0,0.33333333333333326,-0.3125,10,0.23791666666666664,0.074375,0.006145833333333309,0.04583333333333333,1,'2015-10-19 21:01:50',0),(3,'user3@emoodsic.es','282EFD114BF73987DCC7FD153600A4D8','user','3','M',23,2,2,-0.050000000000000044,-0.05555555555555558,0.125,0.05555555555555558,-0.0625,10,-0.014791666666666686,-0.002763888888888895,0.0303263888888889,0.029430555555555557,3,'2015-10-18 09:16:17',0),(4,'user4@emoodsic.es','7F3CFD73770338A6773877048248068D','user','4','M',30,5,2,0.3999999999999999,0,0.3125,0.7777777777777777,-0.5,10,0.2139930555555555,0.06183333333333333,0.17221527777777776,0.1441736111111111,1,'2015-10-18 20:34:00',0),(5,'user5@emoodsic.es','D708374B38B18EBC75F7233813F9E267','user','5','M',29,6,2,0.44999999999999996,0.4444444444444444,-0.3125,0.5,-0.375,10,0.2075347222222222,0.034944444444444445,0.05977083333333333,-0.01247916666666666,1,'2015-10-19 21:10:10',0),(6,'user6@emoodsic.es','C740A6A29FFEE098C64CF1B4B99D7468','user','6','M',30,4,3,0.5,0.33333333333333326,0.25,0.16666666666666674,0.4375,10,0.175,0.08270833333333333,0.11197916666666667,0.07791666666666668,1,'2015-10-18 09:25:35',0),(7,'user7@emoodsic.es','5CA5A3250B997B68E916FC81B4F095F4','user','7','F',29,6,3,0.050000000000000044,0.7777777777777777,0.1875,0.8333333333333335,-0.3125,10,0.02461805555555558,-0.027097222222222214,0.3380416666666667,0.09935416666666669,3,'2015-10-23 17:50:01',0),(8,'user8@emoodsic.es','C0C54F6C8C5AFF3B06D9B2FAACF19452','user','8','F',29,7,1,0.25,-0.33333333333333326,0.0625,0.4444444444444444,-0.125,10,0.13565972222222222,0.0475,0.02725694444444445,0.06434027777777777,1,'2015-10-18 09:28:00',0),(9,'user9@emoodsic.es','597FC23AE70B09B6ADBD01570952396C','user','9','M',30,6,3,0.30000000000000004,0.6666666666666665,-0.125,0.16666666666666674,-0.375,10,0.1272916666666667,0.014916666666666675,0.07116666666666666,-0.01095833333333332,1,'2015-10-18 09:31:10',0),(10,'user10@emoodsic.es','70EE822B5D71A09B869E20CD4BD048E7','user','10','M',30,5,2,0.25,0.5,0.0625,0.05555555555555558,-0.3125,10,0.10579861111111112,0.022291666666666664,0.06305555555555556,0.018784722222222223,1,'2015-10-12 21:03:19',0),(11,'user11@emoodsic.es','FBBD3F674014BD32BB4D17F909DB7666','user','11','M',30,6,2,0.6000000000000001,0.5,0.8125,0.7222222222222223,-0.5625,10,0.27913194444444445,0.09754166666666668,0.31372222222222224,0.24145138888888892,3,'2015-10-22 20:42:53',0),(12,'user12@emoodsic.es','77EF7ACB49B13606C5B9A7A966875890','user','12','M',32,6,3,0.8999999999999999,0.33333333333333326,0.3125,0.5,0.25,10,0.3626041666666666,0.14433333333333334,0.1481875,0.1330625,1,'2015-10-18 09:47:19',0),(13,'user13@emoodsic.es','B7EAED0C952F9F38BE75345BB4E3B3AD','user','13','F',30,7,3,0.6499999999999999,0.6111111111111112,-0.0625,0.22222222222222232,-0.5,10,0.28656249999999994,0.07502777777777775,0.04186805555555559,0.01965972222222223,1,'2015-10-18 09:47:36',0),(15,'user15@emoodsic.es','74028300CC4D75A9A2D4D67F0E9097C7','user','15','F',58,5,1,0.3999999999999999,0.5,0.6875,0.7777777777777777,-0.375,10,0.1846180555555555,0.06058333333333332,0.33471527777777776,0.21354861111111112,3,'2015-10-18 09:49:06',0),(17,'user17@emoodsic.es','E10ADC3949BA59ABBE56E057F20F883E','user','17','M',30,6,2,-0.19999999999999996,-0.22222222222222232,-0.0625,0.22222222222222232,-0.1875,10,-0.06010416666666665,-0.032930555555555546,0.015055555555555546,0.0024097222222222367,3,'2015-10-18 20:35:14',0),(18,'user18@emoodsic.es','C33367701511B4F6020EC61DED352059','user','18','F',33,5,4,0.1499999999999999,0.16666666666666674,0.5,0.2777777777777777,0.3125,10,0.04138888888888885,0.03787499999999999,0.19096527777777778,0.1288611111111111,3,'2015-10-23 17:49:30',0),(19,'user19@emoodsic.es','E10ADC3949BA59ABBE56E057F20F883E','user','19','F',39,7,2,-0.10000000000000009,0.4444444444444444,-0.125,0.6111111111111112,0,10,-0.047430555555555594,-0.046222222222222234,0.20356944444444444,0.016152777777777787,3,'2015-10-18 09:55:39',0),(20,'user20@emoodsic.es','6A55766E362E0169BCC43735A0D158C1','user','20','M',29,5,3,0.3999999999999999,0.22222222222222232,-0.25,0.2777777777777777,-0.1875,10,0.17916666666666664,0.04218055555555554,-0.001118055555555551,-0.01697222222222223,1,'2015-10-22 20:43:06',0),(21,'user21@emoodsic.es','27A7D9E1D13C06449EC950B726F0FAEE','user','21','F',32,5,2,0.6499999999999999,0.22222222222222232,0,0.6111111111111112,-0.1875,10,0.2908333333333333,0.08843055555555553,0.0984652777777778,0.07136111111111113,1,'2015-10-18 20:34:42',0),(22,'user22@emoodsic.es','B16F460FBD58B53DB62E701A909C4710','user','22','M',30,5,2,0.6499999999999999,0.7777777777777777,0.375,0.22222222222222232,-0.375,10,0.2702083333333333,0.08794444444444442,0.16155555555555556,0.10684722222222223,1,'2015-10-12 12:04:28',0);
/*!40000 ALTER TABLE `user` ENABLE KEYS */;
UNLOCK TABLES;
/*!40103 SET TIME_ZONE=@OLD_TIME_ZONE */;

/*!40101 SET SQL_MODE=@OLD_SQL_MODE */;
/*!40014 SET FOREIGN_KEY_CHECKS=@OLD_FOREIGN_KEY_CHECKS */;
/*!40014 SET UNIQUE_CHECKS=@OLD_UNIQUE_CHECKS */;
/*!40101 SET CHARACTER_SET_CLIENT=@OLD_CHARACTER_SET_CLIENT */;
/*!40101 SET CHARACTER_SET_RESULTS=@OLD_CHARACTER_SET_RESULTS */;
/*!40101 SET COLLATION_CONNECTION=@OLD_COLLATION_CONNECTION */;
/*!40111 SET SQL_NOTES=@OLD_SQL_NOTES */;

-- Dump completed on 2015-11-07 13:19:05
